competencia,cod_subgrupo,nome_subgrupo,valor_referencia
2018-01,0201,Anatomia patol<c3><b3>gica,15
2018-02,0201,Anatomia patol<c3><b3>gica,15
2018-03,0201,Anatomia patol<c3><b3>gica,15
2018-04,0201,Anatomia patol<c3><b3>gica,15
2018-05,0201,Anatomia patol<c3><b3>gica,15
2018-06,0201,Anatomia patol<c3><b3>gica,15
2018-07,0201,Anatomia patol<c3><b3>gica,15
2018-08,0201,Anatomia patol<c3><b3>gica,15
2018-09,0201,Anatomia patol<c3><b3>gica,15
2018-10,0201,Anatomia patol<c3><b3>gica,15
2018-11,0201,Anatomia patol<c3><b3>gica,15
2018-12,0201,Anatomia patol<c3><b3>gica,15
2019-01,0201,Anatomia patol<c3><b3>gica,15
2019-02,0201,Anatomia patol<c3><b3>gica,15
2019-03,0201,Anatomia patol<c3><b3>gica,15
2019-04,0201,Anatomia patol<c3><b3>gica,15
2019-05,0201,Anatomia patol<c3><b3>gica,15
2019-06,0201,Anatomia patol<c3><b3>gica,15
2019-07,0201,Anatomia patol<c3><b3>gica,15
2019-08,0201,Anatomia patol<c3><b3>gica,15
2019-09,0201,Anatomia patol<c3><b3>gica,15
2019-10,0201,Anatomia patol<c3><b3>gica,15
2019-11,0201,Anatomia patol<c3><b3>gica,15
2019-12,0201,Anatomia patol<c3><b3>gica,15
2020-01,0201,Anatomia patol<c3><b3>gica,15
2020-02,0201,Anatomia patol<c3><b3>gica,15
2020-03,0201,Anatomia patol<c3><b3>gica,15
2020-04,0201,Anatomia patol<c3><b3>gica,15
2020-05,0201,Anatomia patol<c3><b3>gica,15
2020-06,0201,Anatomia patol<c3><b3>gica,15
2020-07,0201,Anatomia patol<c3><b3>gica,15
2020-08,0201,Anatomia patol<c3><b3>gica,15
2020-09,0201,Anatomia patol<c3><b3>gica,15
2020-10,0201,Anatomia patol<c3><b3>gica,15
2020-11,0201,Anatomia patol<c3><b3>gica,15
2020-12,0201,Anatomia patol<c3><b3>gica,15
2021-01,0201,Anatomia patol<c3><b3>gica,15
2021-02,0201,Anatomia patol<c3><b3>gica,15
2021-03,0201,Anatomia patol<c3><b3>gica,15
2021-04,0201,Anatomia patol<c3><b3>gica,15
2021-05,0201,Anatomia patol<c3><b3>gica,15
2021-06,0201,Anatomia patol<c3><b3>gica,15
2021-07,0201,Anatomia patol<c3><b3>gica,15
2021-08,0201,Anatomia patol<c3><b3>gica,15
2021-09,0201,Anatomia patol<c3><b3>gica,15
2021-10,0201,Anatomia patol<c3><b3>gica,15
2021-11,0201,Anatomia patol<c3><b3>gica,15
2021-12,0201,Anatomia patol<c3><b3>gica,15
2022-01,0201,Anatomia patol<c3><b3>gica,15
2022-02,0201,Anatomia patol<c3><b3>gica,15
2022-03,0201,Anatomia patol<c3><b3>gica,15
2022-04,0201,Anatomia patol<c3><b3>gica,15
2022-05,0201,Anatomia patol<c3><b3>gica,15
2022-06,0201,Anatomia patol<c3><b3>gica,15
2022-07,0201,Anatomia patol<c3><b3>gica,15
2022-08,0201,Anatomia patol<c3><b3>gica,15
2022-09,0201,Anatomia patol<c3><b3>gica,15
2022-10,0201,Anatomia patol<c3><b3>gica,15
2022-11,0201,Anatomia patol<c3><b3>gica,15
2022-12,0201,Anatomia patol<c3><b3>gica,15
2023-01,0201,Anatomia patol<c3><b3>gica,15
2023-02,0201,Anatomia patol<c3><b3>gica,15
2023-03,0201,Anatomia patol<c3><b3>gica,15
2023-04,0201,Anatomia patol<c3><b3>gica,15
2023-05,0201,Anatomia patol<c3><b3>gica,15
2023-06,0201,Anatomia patol<c3><b3>gica,15
2023-07,0201,Anatomia patol<c3><b3>gica,15
2023-08,0201,Anatomia patol<c3><b3>gica,15
2023-09,0201,Anatomia patol<c3><b3>gica,15
2023-10,0201,Anatomia patol<c3><b3>gica,15
2023-11,0201,Anatomia patol<c3><b3>gica,15
2023-12,0201,Anatomia patol<c3><b3>gica,15
2024-01,0201,Anatomia patol<c3><b3>gica,15
2024-02,0201,Anatomia patol<c3><b3>gica,15
2024-03,0201,Anatomia patol<c3><b3>gica,15
2024-04,0201,Anatomia patol<c3><b3>gica,15
2024-05,0201,Anatomia patol<c3><b3>gica,15
2024-06,0201,Anatomia patol<c3><b3>gica,15
2024-07,0201,Anatomia patol<c3><b3>gica,15
2024-08,0201,Anatomia patol<c3><b3>gica,15
2024-09,0201,Anatomia patol<c3><b3>gica,15
2024-10,0201,Anatomia patol<c3><b3>gica,15
2024-11,0201,Anatomia patol<c3><b3>gica,15
2024-12,0201,Anatomia patol<c3><b3>gica,15
2025-01,0201,Anatomia patol<c3><b3>gica,16.88
2025-02,0201,Anatomia patol<c3><b3>gica,16.88
2025-03,0201,Anatomia patol<c3><b3>gica,16.88
2025-04,0201,Anatomia patol<c3><b3>gica,16.88
2025-05,0201,Anatomia patol<c3><b3>gica,16.88
2025-06,0201,Anatomia patol<c3><b3>gica,16.88
2025-07,0201,Anatomia patol<c3><b3>gica,16.88
2025-08,0201,Anatomia patol<c3><b3>gica,16.88
2025-09,0201,Anatomia patol<c3><b3>gica,16.88
2018-01,0202,Diagn<c3><b3>stico biom<c3><a9>dico,8.5
2018-02,0202,Diagn<c3><b3>stico biom<c3><a9>dico,8.5
2018-03,0202,Diagn<c3><b3>stico biom<c3><a9>dico,8.5
2018-04,0202,Diagn<c3><b3>stico biom<c3><a9>dico,8.5
2018-05,0202,Diagn<c3><b3>stico biom<c3><a9>dico,8.5
2018-06,0202,Diagn<c3><b3>stico biom<c3><a9>dico,8.5
2018-07,0202,Diagn<c3><b3>stico biom<c3><a9>dico,8.5
2018-08,0202,Diagn<c3><b3>stico biom<c3><a9>dico,8.5
2018-09,0202,Diagn<c3><b3>stico biom<c3><a9>dico,8.5
2018-10,0202,Diagn<c3><b3>stico biom<c3><a9>dico,8.5
2018-11,0202,Diagn<c3><b3>stico biom<c3><a9>dico,8.5
2018-12,0202,Diagn<c3><b3>stico biom<c3><a9>dico,8.5
2019-01,0202,Diagn<c3><b3>stico biom<c3><a9>dico,8.5
2019-02,0202,Diagn<c3><b3>stico biom<c3><a9>dico,8.5
2019-03,0202,Diagn<c3><b3>stico biom<c3><a9>dico,8.5
2019-04,0202,Diagn<c3><b3>stico biom<c3><a9>dico,8.5
2019-05,0202,Diagn<c3><b3>stico biom<c3><a9>dico,8.5
2019-06,0202,Diagn<c3><b3>stico biom<c3><a9>dico,8.5
2019-07,0202,Diagn<c3><b3>stico biom<c3><a9>dico,8.5
2019-08,0202,Diagn<c3><b3>stico biom<c3><a9>dico,8.5
2019-09,0202,Diagn<c3><b3>stico biom<c3><a9>dico,8.5
2019-10,0202,Diagn<c3><b3>stico biom<c3><a9>dico,8.5
2019-11,0202,Diagn<c3><b3>stico biom<c3><a9>dico,8.5
2019-12,0202,Diagn<c3><b3>stico biom<c3><a9>dico,8.5
2020-01,0202,Diagn<c3><b3>stico biom<c3><a9>dico,8.5
2020-02,0202,Diagn<c3><b3>stico biom<c3><a9>dico,8.5
2020-03,0202,Diagn<c3><b3>stico biom<c3><a9>dico,8.5
2020-04,0202,Diagn<c3><b3>stico biom<c3><a9>dico,8.5
2020-05,0202,Diagn<c3><b3>stico biom<c3><a9>dico,8.5
2020-06,0202,Diagn<c3><b3>stico biom<c3><a9>dico,8.5
2020-07,0202,Diagn<c3><b3>stico biom<c3><a9>dico,8.5
2020-08,0202,Diagn<c3><b3>stico biom<c3><a9>dico,8.5
2020-09,0202,Diagn<c3><b3>stico biom<c3><a9>dico,8.5
2020-10,0202,Diagn<c3><b3>stico biom<c3><a9>dico,8.5
2020-11,0202,Diagn<c3><b3>stico biom<c3><a9>dico,8.5
2020-12,0202,Diagn<c3><b3>stico biom<c3><a9>dico,8.5
2021-01,0202,Diagn<c3><b3>stico biom<c3><a9>dico,8.5
2021-02,0202,Diagn<c3><b3>stico biom<c3><a9>dico,8.5
2021-03,0202,Diagn<c3><b3>stico biom<c3><a9>dico,8.5
2021-04,0202,Diagn<c3><b3>stico biom<c3><a9>dico,8.5
2021-05,0202,Diagn<c3><b3>stico biom<c3><a9>dico,8.5
2021-06,0202,Diagn<c3><b3>stico biom<c3><a9>dico,8.5
2021-07,0202,Diagn<c3><b3>stico biom<c3><a9>dico,8.5
2021-08,0202,Diagn<c3><b3>stico biom<c3><a9>dico,8.5
2021-09,0202,Diagn<c3><b3>stico biom<c3><a9>dico,8.5
2021-10,0202,Diagn<c3><b3>stico biom<c3><a9>dico,8.5
2021-11,0202,Diagn<c3><b3>stico biom<c3><a9>dico,8.5
2021-12,0202,Diagn<c3><b3>stico biom<c3><a9>dico,8.5
2022-01,0202,Diagn<c3><b3>stico biom<c3><a9>dico,8.5
2022-02,0202,Diagn<c3><b3>stico biom<c3><a9>dico,8.5
2022-03,0202,Diagn<c3><b3>stico biom<c3><a9>dico,8.5
2022-04,0202,Diagn<c3><b3>stico biom<c3><a9>dico,8.5
2022-05,0202,Diagn<c3><b3>stico biom<c3><a9>dico,8.5
2022-06,0202,Diagn<c3><b3>stico biom<c3><a9>dico,8.5
2022-07,0202,Diagn<c3><b3>stico biom<c3><a9>dico,8.5
2022-08,0202,Diagn<c3><b3>stico biom<c3><a9>dico,8.5
2022-09,0202,Diagn<c3><b3>stico biom<c3><a9>dico,8.5
2022-10,0202,Diagn<c3><b3>stico biom<c3><a9>dico,8.5
2022-11,0202,Diagn<c3><b3>stico biom<c3><a9>dico,8.5
2022-12,0202,Diagn<c3><b3>stico biom<c3><a9>dico,8.5
2023-01,0202,Diagn<c3><b3>stico biom<c3><a9>dico,8.5
2023-02,0202,Diagn<c3><b3>stico biom<c3><a9>dico,8.5
2023-03,0202,Diagn<c3><b3>stico biom<c3><a9>dico,8.5
2023-04,0202,Diagn<c3><b3>stico biom<c3><a9>dico,8.5
2023-05,0202,Diagn<c3><b3>stico biom<c3><a9>dico,8.5
2023-06,0202,Diagn<c3><b3>stico biom<c3><a9>dico,8.5
2023-07,0202,Diagn<c3><b3>stico biom<c3><a9>dico,8.5
2023-08,0202,Diagn<c3><b3>stico biom<c3><a9>dico,8.5
2023-09,0202,Diagn<c3><b3>stico biom<c3><a9>dico,8.5
2023-10,0202,Diagn<c3><b3>stico biom<c3><a9>dico,8.5
2023-11,0202,Diagn<c3><b3>stico biom<c3><a9>dico,8.5
2023-12,0202,Diagn<c3><b3>stico biom<c3><a9>dico,8.5
2024-01,0202,Diagn<c3><b3>stico biom<c3><a9>dico,8.5
2024-02,0202,Diagn<c3><b3>stico biom<c3><a9>dico,8.5
2024-03,0202,Diagn<c3><b3>stico biom<c3><a9>dico,8.5
2024-04,0202,Diagn<c3><b3>stico biom<c3><a9>dico,8.5
2024-05,0202,Diagn<c3><b3>stico biom<c3><a9>dico,8.5
2024-06,0202,Diagn<c3><b3>stico biom<c3><a9>dico,8.5
2024-07,0202,Diagn<c3><b3>stico biom<c3><a9>dico,8.5
2024-08,0202,Diagn<c3><b3>stico biom<c3><a9>dico,8.5
2024-09,0202,Diagn<c3><b3>stico biom<c3><a9>dico,8.5
2024-10,0202,Diagn<c3><b3>stico biom<c3><a9>dico,8.5
2024-11,0202,Diagn<c3><b3>stico biom<c3><a9>dico,8.5
2024-12,0202,Diagn<c3><b3>stico biom<c3><a9>dico,8.5
2025-01,0202,Diagn<c3><b3>stico biom<c3><a9>dico,9.56
2025-02,0202,Diagn<c3><b3>stico biom<c3><a9>dico,9.56
2025-03,0202,Diagn<c3><b3>stico biom<c3><a9>dico,9.56
2025-04,0202,Diagn<c3><b3>stico biom<c3><a9>dico,9.56
2025-05,0202,Diagn<c3><b3>stico biom<c3><a9>dico,9.56
2025-06,0202,Diagn<c3><b3>stico biom<c3><a9>dico,9.56
2025-07,0202,Diagn<c3><b3>stico biom<c3><a9>dico,9.56
2025-08,0202,Diagn<c3><b3>stico biom<c3><a9>dico,9.56
2025-09,0202,Diagn<c3><b3>stico biom<c3><a9>dico,9.56
2018-01,0203,Endoscopia,85
2018-02,0203,Endoscopia,85
2018-03,0203,Endoscopia,85
2018-04,0203,Endoscopia,85
2018-05,0203,Endoscopia,85
2018-06,0203,Endoscopia,85
2018-07,0203,Endoscopia,85
2018-08,0203,Endoscopia,85
2018-09,0203,Endoscopia,85
2018-10,0203,Endoscopia,85
2018-11,0203,Endoscopia,85
2018-12,0203,Endoscopia,85
2019-01,0203,Endoscopia,85
2019-02,0203,Endoscopia,85
2019-03,0203,Endoscopia,85
2019-04,0203,Endoscopia,85
2019-05,0203,Endoscopia,85
2019-06,0203,Endoscopia,85
2019-07,0203,Endoscopia,85
2019-08,0203,Endoscopia,85
2019-09,0203,Endoscopia,85
2019-10,0203,Endoscopia,85
2019-11,0203,Endoscopia,85
2019-12,0203,Endoscopia,85
2020-01,0203,Endoscopia,85
2020-02,0203,Endoscopia,85
2020-03,0203,Endoscopia,85
2020-04,0203,Endoscopia,85
2020-05,0203,Endoscopia,85
2020-06,0203,Endoscopia,85
2020-07,0203,Endoscopia,85
2020-08,0203,Endoscopia,85
2020-09,0203,Endoscopia,85
2020-10,0203,Endoscopia,85
2020-11,0203,Endoscopia,85
2020-12,0203,Endoscopia,85
2021-01,0203,Endoscopia,85
2021-02,0203,Endoscopia,85
2021-03,0203,Endoscopia,85
2021-04,0203,Endoscopia,85
2021-05,0203,Endoscopia,85
2021-06,0203,Endoscopia,85
2021-07,0203,Endoscopia,85
2021-08,0203,Endoscopia,85
2021-09,0203,Endoscopia,85
2021-10,0203,Endoscopia,85
2021-11,0203,Endoscopia,85
2021-12,0203,Endoscopia,85
2022-01,0203,Endoscopia,85
2022-02,0203,Endoscopia,85
2022-03,0203,Endoscopia,85
2022-04,0203,Endoscopia,85
2022-05,0203,Endoscopia,85
2022-06,0203,Endoscopia,85
2022-07,0203,Endoscopia,85
2022-08,0203,Endoscopia,85
2022-09,0203,Endoscopia,85
2022-10,0203,Endoscopia,85
2022-11,0203,Endoscopia,85
2022-12,0203,Endoscopia,85
2023-01,0203,Endoscopia,85
2023-02,0203,Endoscopia,85
2023-03,0203,Endoscopia,85
2023-04,0203,Endoscopia,85
2023-05,0203,Endoscopia,85
2023-06,0203,Endoscopia,85
2023-07,0203,Endoscopia,85
2023-08,0203,Endoscopia,85
2023-09,0203,Endoscopia,85
2023-10,0203,Endoscopia,85
2023-11,0203,Endoscopia,85
2023-12,0203,Endoscopia,85
2024-01,0203,Endoscopia,85
2024-02,0203,Endoscopia,85
2024-03,0203,Endoscopia,85
2024-04,0203,Endoscopia,85
2024-05,0203,Endoscopia,85
2024-06,0203,Endoscopia,85
2024-07,0203,Endoscopia,85
2024-08,0203,Endoscopia,85
2024-09,0203,Endoscopia,85
2024-10,0203,Endoscopia,85
2024-11,0203,Endoscopia,85
2024-12,0203,Endoscopia,85
2025-01,0203,Endoscopia,95.62
2025-02,0203,Endoscopia,95.62
2025-03,0203,Endoscopia,95.62
2025-04,0203,Endoscopia,95.62
2025-05,0203,Endoscopia,95.62
2025-06,0203,Endoscopia,95.62
2025-07,0203,Endoscopia,95.62
2025-08,0203,Endoscopia,95.62
2025-09,0203,Endoscopia,95.62
2018-01,0204,Radiologia,25
2018-02,0204,Radiologia,25
2018-03,0204,Radiologia,25
2018-04,0204,Radiologia,25
2018-05,0204,Radiologia,25
2018-06,0204,Radiologia,25
2018-07,0204,Radiologia,25
2018-08,0204,Radiologia,25
2018-09,0204,Radiologia,25
2018-10,0204,Radiologia,25
2018-11,0204,Radiologia,25
2018-12,0204,Radiologia,25
2019-01,0204,Radiologia,25
2019-02,0204,Radiologia,25
2019-03,0204,Radiologia,25
2019-04,0204,Radiologia,25
2019-05,0204,Radiologia,25
2019-06,0204,Radiologia,25
2019-07,0204,Radiologia,25
2019-08,0204,Radiologia,25
2019-09,0204,Radiologia,25
2019-10,0204,Radiologia,25
2019-11,0204,Radiologia,25
2019-12,0204,Radiologia,25
2020-01,0204,Radiologia,25
2020-02,0204,Radiologia,25
2020-03,0204,Radiologia,25
2020-04,0204,Radiologia,25
2020-05,0204,Radiologia,25
2020-06,0204,Radiologia,25
2020-07,0204,Radiologia,25
2020-08,0204,Radiologia,25
2020-09,0204,Radiologia,25
2020-10,0204,Radiologia,25
2020-11,0204,Radiologia,25
2020-12,0204,Radiologia,25
2021-01,0204,Radiologia,25
2021-02,0204,Radiologia,25
2021-03,0204,Radiologia,25
2021-04,0204,Radiologia,25
2021-05,0204,Radiologia,25
2021-06,0204,Radiologia,25
2021-07,0204,Radiologia,25
2021-08,0204,Radiologia,25
2021-09,0204,Radiologia,25
2021-10,0204,Radiologia,25
2021-11,0204,Radiologia,25
2021-12,0204,Radiologia,25
2022-01,0204,Radiologia,25
2022-02,0204,Radiologia,25
2022-03,0204,Radiologia,25
2022-04,0204,Radiologia,25
2022-05,0204,Radiologia,25
2022-06,0204,Radiologia,25
2022-07,0204,Radiologia,25
2022-08,0204,Radiologia,25
2022-09,0204,Radiologia,25
2022-10,0204,Radiologia,25
2022-11,0204,Radiologia,25
2022-12,0204,Radiologia,25
2023-01,0204,Radiologia,25
2023-02,0204,Radiologia,25
2023-03,0204,Radiologia,25
2023-04,0204,Radiologia,25
2023-05,0204,Radiologia,25
2023-06,0204,Radiologia,25
2023-07,0204,Radiologia,25
2023-08,0204,Radiologia,25
2023-09,0204,Radiologia,25
2023-10,0204,Radiologia,25
2023-11,0204,Radiologia,25
2023-12,0204,Radiologia,25
2024-01,0204,Radiologia,25
2024-02,0204,Radiologia,25
2024-03,0204,Radiologia,25
2024-04,0204,Radiologia,25
2024-05,0204,Radiologia,25
2024-06,0204,Radiologia,25
2024-07,0204,Radiologia,25
2024-08,0204,Radiologia,25
2024-09,0204,Radiologia,25
2024-10,0204,Radiologia,25
2024-11,0204,Radiologia,25
2024-12,0204,Radiologia,25
2025-01,0204,Radiologia,28.12
2025-02,0204,Radiologia,28.12
2025-03,0204,Radiologia,28.12
2025-04,0204,Radiologia,28.12
2025-05,0204,Radiologia,28.12
2025-06,0204,Radiologia,28.12
2025-07,0204,Radiologia,28.12
2025-08,0204,Radiologia,28.12
2025-09,0204,Radiologia,28.12
2018-01,0205,Ultrasonografia,30
2018-02,0205,Ultrasonografia,30
2018-03,0205,Ultrasonografia,30
2018-04,0205,Ultrasonografia,30
2018-05,0205,Ultrasonografia,30
2018-06,0205,Ultrasonografia,30
2018-07,0205,Ultrasonografia,30
2018-08,0205,Ultrasonografia,30
2018-09,0205,Ultrasonografia,30
2018-10,0205,Ultrasonografia,30
2018-11,0205,Ultrasonografia,30
2018-12,0205,Ultrasonografia,30
2019-01,0205,Ultrasonografia,30
2019-02,0205,Ultrasonografia,30
2019-03,0205,Ultrasonografia,30
2019-04,0205,Ultrasonografia,30
2019-05,0205,Ultrasonografia,30
2019-06,0205,Ultrasonografia,30
2019-07,0205,Ultrasonografia,30
2019-08,0205,Ultrasonografia,30
2019-09,0205,Ultrasonografia,30
2019-10,0205,Ultrasonografia,30
2019-11,0205,Ultrasonografia,30
2019-12,0205,Ultrasonografia,30
2020-01,0205,Ultrasonografia,30
2020-02,0205,Ultrasonografia,30
2020-03,0205,Ultrasonografia,30
2020-04,0205,Ultrasonografia,30
2020-05,0205,Ultrasonografia,30
2020-06,0205,Ultrasonografia,30
2020-07,0205,Ultrasonografia,30
2020-08,0205,Ultrasonografia,30
2020-09,0205,Ultrasonografia,30
2020-10,0205,Ultrasonografia,30
2020-11,0205,Ultrasonografia,30
2020-12,0205,Ultrasonografia,30
2021-01,0205,Ultrasonografia,30
2021-02,0205,Ultrasonografia,30
2021-03,0205,Ultrasonografia,30
2021-04,0205,Ultrasonografia,30
2021-05,0205,Ultrasonografia,30
2021-06,0205,Ultrasonografia,30
2021-07,0205,Ultrasonografia,30
2021-08,0205,Ultrasonografia,30
2021-09,0205,Ultrasonografia,30
2021-10,0205,Ultrasonografia,30
2021-11,0205,Ultrasonografia,30
2021-12,0205,Ultrasonografia,30
2022-01,0205,Ultrasonografia,30
2022-02,0205,Ultrasonografia,30
2022-03,0205,Ultrasonografia,30
2022-04,0205,Ultrasonografia,30
2022-05,0205,Ultrasonografia,30
2022-06,0205,Ultrasonografia,30
2022-07,0205,Ultrasonografia,30
2022-08,0205,Ultrasonografia,30
2022-09,0205,Ultrasonografia,30
2022-10,0205,Ultrasonografia,30
2022-11,0205,Ultrasonografia,30
2022-12,0205,Ultrasonografia,30
2023-01,0205,Ultrasonografia,30
2023-02,0205,Ultrasonografia,30
2023-03,0205,Ultrasonografia,30
2023-04,0205,Ultrasonografia,30
2023-05,0205,Ultrasonografia,30
2023-06,0205,Ultrasonografia,30
2023-07,0205,Ultrasonografia,30
2023-08,0205,Ultrasonografia,30
2023-09,0205,Ultrasonografia,30
2023-10,0205,Ultrasonografia,30
2023-11,0205,Ultrasonografia,30
2023-12,0205,Ultrasonografia,30
2024-01,0205,Ultrasonografia,30
2024-02,0205,Ultrasonografia,30
2024-03,0205,Ultrasonografia,30
2024-04,0205,Ultrasonografia,30
2024-05,0205,Ultrasonografia,30
2024-06,0205,Ultrasonografia,30
2024-07,0205,Ultrasonografia,30
2024-08,0205,Ultrasonografia,30
2024-09,0205,Ultrasonografia,30
2024-10,0205,Ultrasonografia,30
2024-11,0205,Ultrasonografia,30
2024-12,0205,Ultrasonografia,30
2025-01,0205,Ultrasonografia,33.75
2025-02,0205,Ultrasonografia,33.75
2025-03,0205,Ultrasonografia,33.75
2025-04,0205,Ultrasonografia,33.75
2025-05,0205,Ultrasonografia,33.75
2025-06,0205,Ultrasonografia,33.75
2025-07,0205,Ultrasonografia,33.75
2025-08,0205,Ultrasonografia,33.75
2025-09,0205,Ultrasonografia,33.75
2018-01,0206,Tomografia,135
2018-02,0206,Tomografia,135
2018-03,0206,Tomografia,135
2018-04,0206,Tomografia,135
2018-05,0206,Tomografia,135
2018-06,0206,Tomografia,135
2018-07,0206,Tomografia,135
2018-08,0206,Tomografia,135
2018-09,0206,Tomografia,135
2018-10,0206,Tomografia,135
2018-11,0206,Tomografia,135
2018-12,0206,Tomografia,135
2019-01,0206,Tomografia,141.75
2019-02,0206,Tomografia,141.75
2019-03,0206,Tomografia,141.75
2019-04,0206,Tomografia,141.75
2019-05,0206,Tomografia,141.75
2019-06,0206,Tomografia,141.75
2019-07,0206,Tomografia,141.75
2019-08,0206,Tomografia,141.75
2019-09,0206,Tomografia,141.75
2019-10,0206,Tomografia,141.75
2019-11,0206,Tomografia,141.75
2019-12,0206,Tomografia,141.75
2020-01,0206,Tomografia,141.75
2020-02,0206,Tomografia,141.75
2020-03,0206,Tomografia,141.75
2020-04,0206,Tomografia,141.75
2020-05,0206,Tomografia,141.75
2020-06,0206,Tomografia,141.75
2020-07,0206,Tomografia,141.75
2020-08,0206,Tomografia,141.75
2020-09,0206,Tomografia,141.75
2020-10,0206,Tomografia,141.75
2020-11,0206,Tomografia,141.75
2020-12,0206,Tomografia,141.75
2021-01,0206,Tomografia,141.75
2021-02,0206,Tomografia,141.75
2021-03,0206,Tomografia,141.75
2021-04,0206,Tomografia,141.75
2021-05,0206,Tomografia,141.75
2021-06,0206,Tomografia,141.75
2021-07,0206,Tomografia,141.75
2021-08,0206,Tomografia,141.75
2021-09,0206,Tomografia,141.75
2021-10,0206,Tomografia,141.75
2021-11,0206,Tomografia,141.75
2021-12,0206,Tomografia,141.75
2022-01,0206,Tomografia,141.75
2022-02,0206,Tomografia,141.75
2022-03,0206,Tomografia,141.75
2022-04,0206,Tomografia,141.75
2022-05,0206,Tomografia,141.75
2022-06,0206,Tomografia,155.93
2022-07,0206,Tomografia,155.93
2022-08,0206,Tomografia,155.93
2022-09,0206,Tomografia,155.93
2022-10,0206,Tomografia,155.93
2022-11,0206,Tomografia,155.93
2022-12,0206,Tomografia,155.93
2023-01,0206,Tomografia,155.93
2023-02,0206,Tomografia,155.93
2023-03,0206,Tomografia,155.93
2023-04,0206,Tomografia,155.93
2023-05,0206,Tomografia,155.93
2023-06,0206,Tomografia,155.93
2023-07,0206,Tomografia,155.93
2023-08,0206,Tomografia,155.93
2023-09,0206,Tomografia,155.93
2023-10,0206,Tomografia,155.93
2023-11,0206,Tomografia,155.93
2023-12,0206,Tomografia,155.93
2024-01,0206,Tomografia,155.93
2024-02,0206,Tomografia,155.93
2024-03,0206,Tomografia,187.11
2024-04,0206,Tomografia,187.11
2024-05,0206,Tomografia,187.11
2024-06,0206,Tomografia,187.11
2024-07,0206,Tomografia,187.11
2024-08,0206,Tomografia,187.11
2024-09,0206,Tomografia,187.11
2024-10,0206,Tomografia,187.11
2024-11,0206,Tomografia,187.11
2024-12,0206,Tomografia,187.11
2025-01,0206,Tomografia,210.5
2025-02,0206,Tomografia,210.5
2025-03,0206,Tomografia,210.5
2025-04,0206,Tomografia,210.5
2025-05,0206,Tomografia,210.5
2025-06,0206,Tomografia,210.5
2025-07,0206,Tomografia,210.5
2025-08,0206,Tomografia,210.5
2025-09,0206,Tomografia,210.5
2018-01,0207,Resson<c3><a2>ncia magn<c3><a9>tica,265
2018-02,0207,Resson<c3><a2>ncia magn<c3><a9>tica,265
2018-03,0207,Resson<c3><a2>ncia magn<c3><a9>tica,265
2018-04,0207,Resson<c3><a2>ncia magn<c3><a9>tica,265
2018-05,0207,Resson<c3><a2>ncia magn<c3><a9>tica,265
2018-06,0207,Resson<c3><a2>ncia magn<c3><a9>tica,265
2018-07,0207,Resson<c3><a2>ncia magn<c3><a9>tica,265
2018-08,0207,Resson<c3><a2>ncia magn<c3><a9>tica,265
2018-09,0207,Resson<c3><a2>ncia magn<c3><a9>tica,265
2018-10,0207,Resson<c3><a2>ncia magn<c3><a9>tica,265
2018-11,0207,Resson<c3><a2>ncia magn<c3><a9>tica,265
2018-12,0207,Resson<c3><a2>ncia magn<c3><a9>tica,265
2019-01,0207,Resson<c3><a2>ncia magn<c3><a9>tica,278.25
2019-02,0207,Resson<c3><a2>ncia magn<c3><a9>tica,278.25
2019-03,0207,Resson<c3><a2>ncia magn<c3><a9>tica,278.25
2019-04,0207,Resson<c3><a2>ncia magn<c3><a9>tica,278.25
2019-05,0207,Resson<c3><a2>ncia magn<c3><a9>tica,278.25
2019-06,0207,Resson<c3><a2>ncia magn<c3><a9>tica,278.25
2019-07,0207,Resson<c3><a2>ncia magn<c3><a9>tica,278.25
2019-08,0207,Resson<c3><a2>ncia magn<c3><a9>tica,278.25
2019-09,0207,Resson<c3><a2>ncia magn<c3><a9>tica,278.25
2019-10,0207,Resson<c3><a2>ncia magn<c3><a9>tica,278.25
2019-11,0207,Resson<c3><a2>ncia magn<c3><a9>tica,278.25
2019-12,0207,Resson<c3><a2>ncia magn<c3><a9>tica,278.25
2020-01,0207,Resson<c3><a2>ncia magn<c3><a9>tica,278.25
2020-02,0207,Resson<c3><a2>ncia magn<c3><a9>tica,278.25
2020-03,0207,Resson<c3><a2>ncia magn<c3><a9>tica,278.25
2020-04,0207,Resson<c3><a2>ncia magn<c3><a9>tica,278.25
2020-05,0207,Resson<c3><a2>ncia magn<c3><a9>tica,278.25
2020-06,0207,Resson<c3><a2>ncia magn<c3><a9>tica,278.25
2020-07,0207,Resson<c3><a2>ncia magn<c3><a9>tica,278.25
2020-08,0207,Resson<c3><a2>ncia magn<c3><a9>tica,278.25
2020-09,0207,Resson<c3><a2>ncia magn<c3><a9>tica,278.25
2020-10,0207,Resson<c3><a2>ncia magn<c3><a9>tica,278.25
2020-11,0207,Resson<c3><a2>ncia magn<c3><a9>tica,278.25
2020-12,0207,Resson<c3><a2>ncia magn<c3><a9>tica,278.25
2021-01,0207,Resson<c3><a2>ncia magn<c3><a9>tica,278.25
2021-02,0207,Resson<c3><a2>ncia magn<c3><a9>tica,278.25
2021-03,0207,Resson<c3><a2>ncia magn<c3><a9>tica,278.25
2021-04,0207,Resson<c3><a2>ncia magn<c3><a9>tica,278.25
2021-05,0207,Resson<c3><a2>ncia magn<c3><a9>tica,278.25
2021-06,0207,Resson<c3><a2>ncia magn<c3><a9>tica,278.25
2021-07,0207,Resson<c3><a2>ncia magn<c3><a9>tica,278.25
2021-08,0207,Resson<c3><a2>ncia magn<c3><a9>tica,278.25
2021-09,0207,Resson<c3><a2>ncia magn<c3><a9>tica,278.25
2021-10,0207,Resson<c3><a2>ncia magn<c3><a9>tica,278.25
2021-11,0207,Resson<c3><a2>ncia magn<c3><a9>tica,278.25
2021-12,0207,Resson<c3><a2>ncia magn<c3><a9>tica,278.25
2022-01,0207,Resson<c3><a2>ncia magn<c3><a9>tica,278.25
2022-02,0207,Resson<c3><a2>ncia magn<c3><a9>tica,278.25
2022-03,0207,Resson<c3><a2>ncia magn<c3><a9>tica,278.25
2022-04,0207,Resson<c3><a2>ncia magn<c3><a9>tica,278.25
2022-05,0207,Resson<c3><a2>ncia magn<c3><a9>tica,278.25
2022-06,0207,Resson<c3><a2>ncia magn<c3><a9>tica,306.08
2022-07,0207,Resson<c3><a2>ncia magn<c3><a9>tica,306.08
2022-08,0207,Resson<c3><a2>ncia magn<c3><a9>tica,306.08
2022-09,0207,Resson<c3><a2>ncia magn<c3><a9>tica,306.08
2022-10,0207,Resson<c3><a2>ncia magn<c3><a9>tica,306.08
2022-11,0207,Resson<c3><a2>ncia magn<c3><a9>tica,306.08
2022-12,0207,Resson<c3><a2>ncia magn<c3><a9>tica,306.08
2023-01,0207,Resson<c3><a2>ncia magn<c3><a9>tica,306.08
2023-02,0207,Resson<c3><a2>ncia magn<c3><a9>tica,306.08
2023-03,0207,Resson<c3><a2>ncia magn<c3><a9>tica,306.08
2023-04,0207,Resson<c3><a2>ncia magn<c3><a9>tica,306.08
2023-05,0207,Resson<c3><a2>ncia magn<c3><a9>tica,306.08
2023-06,0207,Resson<c3><a2>ncia magn<c3><a9>tica,306.08
2023-07,0207,Resson<c3><a2>ncia magn<c3><a9>tica,306.08
2023-08,0207,Resson<c3><a2>ncia magn<c3><a9>tica,306.08
2023-09,0207,Resson<c3><a2>ncia magn<c3><a9>tica,306.08
2023-10,0207,Resson<c3><a2>ncia magn<c3><a9>tica,306.08
2023-11,0207,Resson<c3><a2>ncia magn<c3><a9>tica,306.08
2023-12,0207,Resson<c3><a2>ncia magn<c3><a9>tica,306.08
2024-01,0207,Resson<c3><a2>ncia magn<c3><a9>tica,306.08
2024-02,0207,Resson<c3><a2>ncia magn<c3><a9>tica,306.08
2024-03,0207,Resson<c3><a2>ncia magn<c3><a9>tica,367.29
2024-04,0207,Resson<c3><a2>ncia magn<c3><a9>tica,367.29
2024-05,0207,Resson<c3><a2>ncia magn<c3><a9>tica,367.29
2024-06,0207,Resson<c3><a2>ncia magn<c3><a9>tica,367.29
2024-07,0207,Resson<c3><a2>ncia magn<c3><a9>tica,367.29
2024-08,0207,Resson<c3><a2>ncia magn<c3><a9>tica,367.29
2024-09,0207,Resson<c3><a2>ncia magn<c3><a9>tica,367.29
2024-10,0207,Resson<c3><a2>ncia magn<c3><a9>tica,367.29
2024-11,0207,Resson<c3><a2>ncia magn<c3><a9>tica,367.29
2024-12,0207,Resson<c3><a2>ncia magn<c3><a9>tica,367.29
2025-01,0207,Resson<c3><a2>ncia magn<c3><a9>tica,413.2
2025-02,0207,Resson<c3><a2>ncia magn<c3><a9>tica,413.2
2025-03,0207,Resson<c3><a2>ncia magn<c3><a9>tica,413.2
2025-04,0207,Resson<c3><a2>ncia magn<c3><a9>tica,413.2
2025-05,0207,Resson<c3><a2>ncia magn<c3><a9>tica,413.2
2025-06,0207,Resson<c3><a2>ncia magn<c3><a9>tica,413.2
2025-07,0207,Resson<c3><a2>ncia magn<c3><a9>tica,413.2
2025-08,0207,Resson<c3><a2>ncia magn<c3><a9>tica,413.2
2025-09,0207,Resson<c3><a2>ncia magn<c3><a9>tica,413.2
2018-01,0208,Medicina nuclear,350
2018-02,0208,Medicina nuclear,350
2018-03,0208,Medicina nuclear,350
2018-04,0208,Medicina nuclear,350
2018-05,0208,Medicina nuclear,350
2018-06,0208,Medicina nuclear,350
2018-07,0208,Medicina nuclear,350
2018-08,0208,Medicina nuclear,350
2018-09,0208,Medicina nuclear,350
2018-10,0208,Medicina nuclear,350
2018-11,0208,Medicina nuclear,350
2018-12,0208,Medicina nuclear,350
2019-01,0208,Medicina nuclear,350
2019-02,0208,Medicina nuclear,350
2019-03,0208,Medicina nuclear,350
2019-04,0208,Medicina nuclear,350
2019-05,0208,Medicina nuclear,350
2019-06,0208,Medicina nuclear,350
2019-07,0208,Medicina nuclear,350
2019-08,0208,Medicina nuclear,350
2019-09,0208,Medicina nuclear,350
2019-10,0208,Medicina nuclear,350
2019-11,0208,Medicina nuclear,350
2019-12,0208,Medicina nuclear,350
2020-01,0208,Medicina nuclear,350
2020-02,0208,Medicina nuclear,350
2020-03,0208,Medicina nuclear,350
2020-04,0208,Medicina nuclear,350
2020-05,0208,Medicina nuclear,350
2020-06,0208,Medicina nuclear,350
2020-07,0208,Medicina nuclear,350
2020-08,0208,Medicina nuclear,350
2020-09,0208,Medicina nuclear,350
2020-10,0208,Medicina nuclear,350
2020-11,0208,Medicina nuclear,350
2020-12,0208,Medicina nuclear,350
2021-01,0208,Medicina nuclear,350
2021-02,0208,Medicina nuclear,350
2021-03,0208,Medicina nuclear,350
2021-04,0208,Medicina nuclear,350
2021-05,0208,Medicina nuclear,350
2021-06,0208,Medicina nuclear,350
2021-07,0208,Medicina nuclear,350
2021-08,0208,Medicina nuclear,350
2021-09,0208,Medicina nuclear,350
2021-10,0208,Medicina nuclear,350
2021-11,0208,Medicina nuclear,350
2021-12,0208,Medicina nuclear,350
2022-01,0208,Medicina nuclear,350
2022-02,0208,Medicina nuclear,350
2022-03,0208,Medicina nuclear,350
2022-04,0208,Medicina nuclear,350
2022-05,0208,Medicina nuclear,350
2022-06,0208,Medicina nuclear,350
2022-07,0208,Medicina nuclear,350
2022-08,0208,Medicina nuclear,350
2022-09,0208,Medicina nuclear,350
2022-10,0208,Medicina nuclear,350
2022-11,0208,Medicina nuclear,350
2022-12,0208,Medicina nuclear,350
2023-01,0208,Medicina nuclear,350
2023-02,0208,Medicina nuclear,350
2023-03,0208,Medicina nuclear,350
2023-04,0208,Medicina nuclear,350
2023-05,0208,Medicina nuclear,350
2023-06,0208,Medicina nuclear,350
2023-07,0208,Medicina nuclear,350
2023-08,0208,Medicina nuclear,350
2023-09,0208,Medicina nuclear,350
2023-10,0208,Medicina nuclear,350
2023-11,0208,Medicina nuclear,350
2023-12,0208,Medicina nuclear,350
2024-01,0208,Medicina nuclear,350
2024-02,0208,Medicina nuclear,350
2024-03,0208,Medicina nuclear,420
2024-04,0208,Medicina nuclear,420
2024-05,0208,Medicina nuclear,420
2024-06,0208,Medicina nuclear,420
2024-07,0208,Medicina nuclear,420
2024-08,0208,Medicina nuclear,420
2024-09,0208,Medicina nuclear,420
2024-10,0208,Medicina nuclear,420
2024-11,0208,Medicina nuclear,420
2024-12,0208,Medicina nuclear,420
2025-01,0208,Medicina nuclear,472.5
2025-02,0208,Medicina nuclear,472.5
2025-03,0208,Medicina nuclear,472.5
2025-04,0208,Medicina nuclear,472.5
2025-05,0208,Medicina nuclear,472.5
2025-06,0208,Medicina nuclear,472.5
2025-07,0208,Medicina nuclear,472.5
2025-08,0208,Medicina nuclear,472.5
2025-09,0208,Medicina nuclear,472.5
2018-01,0301,Consultas/Atendimentos,10
2018-02,0301,Consultas/Atendimentos,10
2018-03,0301,Consultas/Atendimentos,10
2018-04,0301,Consultas/Atendimentos,10
2018-05,0301,Consultas/Atendimentos,10
2018-06,0301,Consultas/Atendimentos,10
2018-07,0301,Consultas/Atendimentos,10
2018-08,0301,Consultas/Atendimentos,10
2018-09,0301,Consultas/Atendimentos,10
2018-10,0301,Consultas/Atendimentos,10
2018-11,0301,Consultas/Atendimentos,10
2018-12,0301,Consultas/Atendimentos,10
2019-01,0301,Consultas/Atendimentos,10
2019-02,0301,Consultas/Atendimentos,10
2019-03,0301,Consultas/Atendimentos,10
2019-04,0301,Consultas/Atendimentos,10
2019-05,0301,Consultas/Atendimentos,10
2019-06,0301,Consultas/Atendimentos,10
2019-07,0301,Consultas/Atendimentos,10
2019-08,0301,Consultas/Atendimentos,10
2019-09,0301,Consultas/Atendimentos,10
2019-10,0301,Consultas/Atendimentos,10
2019-11,0301,Consultas/Atendimentos,10
2019-12,0301,Consultas/Atendimentos,10
2020-01,0301,Consultas/Atendimentos,10.3
2020-02,0301,Consultas/Atendimentos,10.3
2020-03,0301,Consultas/Atendimentos,10.3
2020-04,0301,Consultas/Atendimentos,10.3
2020-05,0301,Consultas/Atendimentos,10.3
2020-06,0301,Consultas/Atendimentos,10.3
2020-07,0301,Consultas/Atendimentos,10.3
2020-08,0301,Consultas/Atendimentos,10.3
2020-09,0301,Consultas/Atendimentos,10.3
2020-10,0301,Consultas/Atendimentos,10.3
2020-11,0301,Consultas/Atendimentos,10.3
2020-12,0301,Consultas/Atendimentos,10.3
2021-01,0301,Consultas/Atendimentos,10.3
2021-02,0301,Consultas/Atendimentos,10.3
2021-03,0301,Consultas/Atendimentos,10.3
2021-04,0301,Consultas/Atendimentos,10.3
2021-05,0301,Consultas/Atendimentos,10.3
2021-06,0301,Consultas/Atendimentos,10.3
2021-07,0301,Consultas/Atendimentos,10.3
2021-08,0301,Consultas/Atendimentos,10.3
2021-09,0301,Consultas/Atendimentos,10.3
2021-10,0301,Consultas/Atendimentos,10.3
2021-11,0301,Consultas/Atendimentos,10.3
2021-12,0301,Consultas/Atendimentos,10.3
2022-01,0301,Consultas/Atendimentos,10.3
2022-02,0301,Consultas/Atendimentos,10.3
2022-03,0301,Consultas/Atendimentos,10.3
2022-04,0301,Consultas/Atendimentos,10.3
2022-05,0301,Consultas/Atendimentos,10.3
2022-06,0301,Consultas/Atendimentos,10.3
2022-07,0301,Consultas/Atendimentos,10.3
2022-08,0301,Consultas/Atendimentos,10.3
2022-09,0301,Consultas/Atendimentos,10.3
2022-10,0301,Consultas/Atendimentos,10.3
2022-11,0301,Consultas/Atendimentos,10.3
2022-12,0301,Consultas/Atendimentos,10.3
2023-01,0301,Consultas/Atendimentos,10.3
2023-02,0301,Consultas/Atendimentos,10.3
2023-03,0301,Consultas/Atendimentos,10.3
2023-04,0301,Consultas/Atendimentos,10.3
2023-05,0301,Consultas/Atendimentos,10.3
2023-06,0301,Consultas/Atendimentos,10.3
2023-07,0301,Consultas/Atendimentos,10.3
2023-08,0301,Consultas/Atendimentos,10.3
2023-09,0301,Consultas/Atendimentos,10.3
2023-10,0301,Consultas/Atendimentos,10.3
2023-11,0301,Consultas/Atendimentos,10.3
2023-12,0301,Consultas/Atendimentos,10.3
2024-01,0301,Consultas/Atendimentos,10.3
2024-02,0301,Consultas/Atendimentos,10.3
2024-03,0301,Consultas/Atendimentos,10.3
2024-04,0301,Consultas/Atendimentos,10.3
2024-05,0301,Consultas/Atendimentos,10.3
2024-06,0301,Consultas/Atendimentos,10.3
2024-07,0301,Consultas/Atendimentos,10.3
2024-08,0301,Consultas/Atendimentos,10.3
2024-09,0301,Consultas/Atendimentos,10.3
2024-10,0301,Consultas/Atendimentos,10.3
2024-11,0301,Consultas/Atendimentos,10.3
2024-12,0301,Consultas/Atendimentos,10.3
2025-01,0301,Consultas/Atendimentos,11.59
2025-02,0301,Consultas/Atendimentos,11.59
2025-03,0301,Consultas/Atendimentos,11.59
2025-04,0301,Consultas/Atendimentos,11.59
2025-05,0301,Consultas/Atendimentos,11.59
2025-06,0301,Consultas/Atendimentos,11.59
2025-07,0301,Consultas/Atendimentos,11.59
2025-08,0301,Consultas/Atendimentos,11.59
2025-09,0301,Consultas/Atendimentos,11.59
2018-01,0302,Fisioterapia,5.5
2018-02,0302,Fisioterapia,5.5
2018-03,0302,Fisioterapia,5.5
2018-04,0302,Fisioterapia,5.5
2018-05,0302,Fisioterapia,5.5
2018-06,0302,Fisioterapia,5.5
2018-07,0302,Fisioterapia,5.5
2018-08,0302,Fisioterapia,5.5
2018-09,0302,Fisioterapia,5.5
2018-10,0302,Fisioterapia,5.5
2018-11,0302,Fisioterapia,5.5
2018-12,0302,Fisioterapia,5.5
2019-01,0302,Fisioterapia,5.5
2019-02,0302,Fisioterapia,5.5
2019-03,0302,Fisioterapia,5.5
2019-04,0302,Fisioterapia,5.5
2019-05,0302,Fisioterapia,5.5
2019-06,0302,Fisioterapia,5.5
2019-07,0302,Fisioterapia,5.5
2019-08,0302,Fisioterapia,5.5
2019-09,0302,Fisioterapia,5.5
2019-10,0302,Fisioterapia,5.5
2019-11,0302,Fisioterapia,5.5
2019-12,0302,Fisioterapia,5.5
2020-01,0302,Fisioterapia,5.66
2020-02,0302,Fisioterapia,5.66
2020-03,0302,Fisioterapia,5.66
2020-04,0302,Fisioterapia,5.66
2020-05,0302,Fisioterapia,5.66
2020-06,0302,Fisioterapia,5.66
2020-07,0302,Fisioterapia,5.66
2020-08,0302,Fisioterapia,5.66
2020-09,0302,Fisioterapia,5.66
2020-10,0302,Fisioterapia,5.66
2020-11,0302,Fisioterapia,5.66
2020-12,0302,Fisioterapia,5.66
2021-01,0302,Fisioterapia,5.66
2021-02,0302,Fisioterapia,5.66
2021-03,0302,Fisioterapia,5.66
2021-04,0302,Fisioterapia,5.66
2021-05,0302,Fisioterapia,5.66
2021-06,0302,Fisioterapia,5.66
2021-07,0302,Fisioterapia,5.66
2021-08,0302,Fisioterapia,5.66
2021-09,0302,Fisioterapia,5.66
2021-10,0302,Fisioterapia,5.66
2021-11,0302,Fisioterapia,5.66
2021-12,0302,Fisioterapia,5.66
2022-01,0302,Fisioterapia,5.66
2022-02,0302,Fisioterapia,5.66
2022-03,0302,Fisioterapia,5.66
2022-04,0302,Fisioterapia,5.66
2022-05,0302,Fisioterapia,5.66
2022-06,0302,Fisioterapia,5.66
2022-07,0302,Fisioterapia,5.66
2022-08,0302,Fisioterapia,5.66
2022-09,0302,Fisioterapia,5.66
2022-10,0302,Fisioterapia,5.66
2022-11,0302,Fisioterapia,5.66
2022-12,0302,Fisioterapia,5.66
2023-01,0302,Fisioterapia,5.66
2023-02,0302,Fisioterapia,5.66
2023-03,0302,Fisioterapia,5.66
2023-04,0302,Fisioterapia,5.66
2023-05,0302,Fisioterapia,5.66
2023-06,0302,Fisioterapia,5.66
2023-07,0302,Fisioterapia,5.66
2023-08,0302,Fisioterapia,5.66
2023-09,0302,Fisioterapia,5.66
2023-10,0302,Fisioterapia,5.66
2023-11,0302,Fisioterapia,5.66
2023-12,0302,Fisioterapia,5.66
2024-01,0302,Fisioterapia,5.66
2024-02,0302,Fisioterapia,5.66
2024-03,0302,Fisioterapia,5.66
2024-04,0302,Fisioterapia,5.66
2024-05,0302,Fisioterapia,5.66
2024-06,0302,Fisioterapia,5.66
2024-07,0302,Fisioterapia,5.66
2024-08,0302,Fisioterapia,5.66
2024-09,0302,Fisioterapia,5.66
2024-10,0302,Fisioterapia,5.66
2024-11,0302,Fisioterapia,5.66
2024-12,0302,Fisioterapia,5.66
2025-01,0302,Fisioterapia,6.37
2025-02,0302,Fisioterapia,6.37
2025-03,0302,Fisioterapia,6.37
2025-04,0302,Fisioterapia,6.37
2025-05,0302,Fisioterapia,6.37
2025-06,0302,Fisioterapia,6.37
2025-07,0302,Fisioterapia,6.37
2025-08,0302,Fisioterapia,6.37
2025-09,0302,Fisioterapia,6.37
2018-01,0303,Trat. cl<c3><ad>nicos outros,22
2018-02,0303,Trat. cl<c3><ad>nicos outros,22
2018-03,0303,Trat. cl<c3><ad>nicos outros,22
2018-04,0303,Trat. cl<c3><ad>nicos outros,22
2018-05,0303,Trat. cl<c3><ad>nicos outros,22
2018-06,0303,Trat. cl<c3><ad>nicos outros,22
2018-07,0303,Trat. cl<c3><ad>nicos outros,22
2018-08,0303,Trat. cl<c3><ad>nicos outros,22
2018-09,0303,Trat. cl<c3><ad>nicos outros,22
2018-10,0303,Trat. cl<c3><ad>nicos outros,22
2018-11,0303,Trat. cl<c3><ad>nicos outros,22
2018-12,0303,Trat. cl<c3><ad>nicos outros,22
2019-01,0303,Trat. cl<c3><ad>nicos outros,22
2019-02,0303,Trat. cl<c3><ad>nicos outros,22
2019-03,0303,Trat. cl<c3><ad>nicos outros,22
2019-04,0303,Trat. cl<c3><ad>nicos outros,22
2019-05,0303,Trat. cl<c3><ad>nicos outros,22
2019-06,0303,Trat. cl<c3><ad>nicos outros,22
2019-07,0303,Trat. cl<c3><ad>nicos outros,22
2019-08,0303,Trat. cl<c3><ad>nicos outros,22
2019-09,0303,Trat. cl<c3><ad>nicos outros,22
2019-10,0303,Trat. cl<c3><ad>nicos outros,22
2019-11,0303,Trat. cl<c3><ad>nicos outros,22
2019-12,0303,Trat. cl<c3><ad>nicos outros,22
2020-01,0303,Trat. cl<c3><ad>nicos outros,22
2020-02,0303,Trat. cl<c3><ad>nicos outros,22
2020-03,0303,Trat. cl<c3><ad>nicos outros,22
2020-04,0303,Trat. cl<c3><ad>nicos outros,22
2020-05,0303,Trat. cl<c3><ad>nicos outros,22
2020-06,0303,Trat. cl<c3><ad>nicos outros,22
2020-07,0303,Trat. cl<c3><ad>nicos outros,22
2020-08,0303,Trat. cl<c3><ad>nicos outros,22
2020-09,0303,Trat. cl<c3><ad>nicos outros,22
2020-10,0303,Trat. cl<c3><ad>nicos outros,22
2020-11,0303,Trat. cl<c3><ad>nicos outros,22
2020-12,0303,Trat. cl<c3><ad>nicos outros,22
2021-01,0303,Trat. cl<c3><ad>nicos outros,22
2021-02,0303,Trat. cl<c3><ad>nicos outros,22
2021-03,0303,Trat. cl<c3><ad>nicos outros,22
2021-04,0303,Trat. cl<c3><ad>nicos outros,22
2021-05,0303,Trat. cl<c3><ad>nicos outros,22
2021-06,0303,Trat. cl<c3><ad>nicos outros,22
2021-07,0303,Trat. cl<c3><ad>nicos outros,22
2021-08,0303,Trat. cl<c3><ad>nicos outros,22
2021-09,0303,Trat. cl<c3><ad>nicos outros,22
2021-10,0303,Trat. cl<c3><ad>nicos outros,22
2021-11,0303,Trat. cl<c3><ad>nicos outros,22
2021-12,0303,Trat. cl<c3><ad>nicos outros,22
2022-01,0303,Trat. cl<c3><ad>nicos outros,22
2022-02,0303,Trat. cl<c3><ad>nicos outros,22
2022-03,0303,Trat. cl<c3><ad>nicos outros,22
2022-04,0303,Trat. cl<c3><ad>nicos outros,22
2022-05,0303,Trat. cl<c3><ad>nicos outros,22
2022-06,0303,Trat. cl<c3><ad>nicos outros,22
2022-07,0303,Trat. cl<c3><ad>nicos outros,22
2022-08,0303,Trat. cl<c3><ad>nicos outros,22
2022-09,0303,Trat. cl<c3><ad>nicos outros,22
2022-10,0303,Trat. cl<c3><ad>nicos outros,22
2022-11,0303,Trat. cl<c3><ad>nicos outros,22
2022-12,0303,Trat. cl<c3><ad>nicos outros,22
2023-01,0303,Trat. cl<c3><ad>nicos outros,22
2023-02,0303,Trat. cl<c3><ad>nicos outros,22
2023-03,0303,Trat. cl<c3><ad>nicos outros,22
2023-04,0303,Trat. cl<c3><ad>nicos outros,22
2023-05,0303,Trat. cl<c3><ad>nicos outros,22
2023-06,0303,Trat. cl<c3><ad>nicos outros,22
2023-07,0303,Trat. cl<c3><ad>nicos outros,22
2023-08,0303,Trat. cl<c3><ad>nicos outros,22
2023-09,0303,Trat. cl<c3><ad>nicos outros,22
2023-10,0303,Trat. cl<c3><ad>nicos outros,22
2023-11,0303,Trat. cl<c3><ad>nicos outros,22
2023-12,0303,Trat. cl<c3><ad>nicos outros,22
2024-01,0303,Trat. cl<c3><ad>nicos outros,22
2024-02,0303,Trat. cl<c3><ad>nicos outros,22
2024-03,0303,Trat. cl<c3><ad>nicos outros,22
2024-04,0303,Trat. cl<c3><ad>nicos outros,22
2024-05,0303,Trat. cl<c3><ad>nicos outros,22
2024-06,0303,Trat. cl<c3><ad>nicos outros,22
2024-07,0303,Trat. cl<c3><ad>nicos outros,22
2024-08,0303,Trat. cl<c3><ad>nicos outros,22
2024-09,0303,Trat. cl<c3><ad>nicos outros,22
2024-10,0303,Trat. cl<c3><ad>nicos outros,22
2024-11,0303,Trat. cl<c3><ad>nicos outros,22
2024-12,0303,Trat. cl<c3><ad>nicos outros,22
2025-01,0303,Trat. cl<c3><ad>nicos outros,24.75
2025-02,0303,Trat. cl<c3><ad>nicos outros,24.75
2025-03,0303,Trat. cl<c3><ad>nicos outros,24.75
2025-04,0303,Trat. cl<c3><ad>nicos outros,24.75
2025-05,0303,Trat. cl<c3><ad>nicos outros,24.75
2025-06,0303,Trat. cl<c3><ad>nicos outros,24.75
2025-07,0303,Trat. cl<c3><ad>nicos outros,24.75
2025-08,0303,Trat. cl<c3><ad>nicos outros,24.75
2025-09,0303,Trat. cl<c3><ad>nicos outros,24.75
2018-01,0304,Oncologia,450
2018-02,0304,Oncologia,450
2018-03,0304,Oncologia,450
2018-04,0304,Oncologia,450
2018-05,0304,Oncologia,450
2018-06,0304,Oncologia,450
2018-07,0304,Oncologia,450
2018-08,0304,Oncologia,450
2018-09,0304,Oncologia,450
2018-10,0304,Oncologia,450
2018-11,0304,Oncologia,450
2018-12,0304,Oncologia,450
2019-01,0304,Oncologia,472.5
2019-02,0304,Oncologia,472.5
2019-03,0304,Oncologia,472.5
2019-04,0304,Oncologia,472.5
2019-05,0304,Oncologia,472.5
2019-06,0304,Oncologia,472.5
2019-07,0304,Oncologia,472.5
2019-08,0304,Oncologia,472.5
2019-09,0304,Oncologia,472.5
2019-10,0304,Oncologia,472.5
2019-11,0304,Oncologia,472.5
2019-12,0304,Oncologia,472.5
2020-01,0304,Oncologia,472.5
2020-02,0304,Oncologia,472.5
2020-03,0304,Oncologia,472.5
2020-04,0304,Oncologia,472.5
2020-05,0304,Oncologia,472.5
2020-06,0304,Oncologia,472.5
2020-07,0304,Oncologia,472.5
2020-08,0304,Oncologia,472.5
2020-09,0304,Oncologia,472.5
2020-10,0304,Oncologia,472.5
2020-11,0304,Oncologia,472.5
2020-12,0304,Oncologia,472.5
2021-01,0304,Oncologia,472.5
2021-02,0304,Oncologia,472.5
2021-03,0304,Oncologia,472.5
2021-04,0304,Oncologia,472.5
2021-05,0304,Oncologia,472.5
2021-06,0304,Oncologia,472.5
2021-07,0304,Oncologia,472.5
2021-08,0304,Oncologia,472.5
2021-09,0304,Oncologia,472.5
2021-10,0304,Oncologia,472.5
2021-11,0304,Oncologia,472.5
2021-12,0304,Oncologia,472.5
2022-01,0304,Oncologia,472.5
2022-02,0304,Oncologia,472.5
2022-03,0304,Oncologia,472.5
2022-04,0304,Oncologia,472.5
2022-05,0304,Oncologia,472.5
2022-06,0304,Oncologia,472.5
2022-07,0304,Oncologia,472.5
2022-08,0304,Oncologia,472.5
2022-09,0304,Oncologia,472.5
2022-10,0304,Oncologia,472.5
2022-11,0304,Oncologia,472.5
2022-12,0304,Oncologia,472.5
2023-01,0304,Oncologia,543.38
2023-02,0304,Oncologia,543.38
2023-03,0304,Oncologia,543.38
2023-04,0304,Oncologia,543.38
2023-05,0304,Oncologia,543.38
2023-06,0304,Oncologia,543.38
2023-07,0304,Oncologia,543.38
2023-08,0304,Oncologia,543.38
2023-09,0304,Oncologia,543.38
2023-10,0304,Oncologia,543.38
2023-11,0304,Oncologia,543.38
2023-12,0304,Oncologia,543.38
2024-01,0304,Oncologia,543.38
2024-02,0304,Oncologia,543.38
2024-03,0304,Oncologia,543.38
2024-04,0304,Oncologia,543.38
2024-05,0304,Oncologia,543.38
2024-06,0304,Oncologia,543.38
2024-07,0304,Oncologia,543.38
2024-08,0304,Oncologia,543.38
2024-09,0304,Oncologia,543.38
2024-10,0304,Oncologia,543.38
2024-11,0304,Oncologia,543.38
2024-12,0304,Oncologia,543.38
2025-01,0304,Oncologia,611.3
2025-02,0304,Oncologia,611.3
2025-03,0304,Oncologia,611.3
2025-04,0304,Oncologia,611.3
2025-05,0304,Oncologia,611.3
2025-06,0304,Oncologia,611.3
2025-07,0304,Oncologia,611.3
2025-08,0304,Oncologia,611.3
2025-09,0304,Oncologia,611.3
2018-01,0305,Nefrologia,180
2018-02,0305,Nefrologia,180
2018-03,0305,Nefrologia,180
2018-04,0305,Nefrologia,180
2018-05,0305,Nefrologia,180
2018-06,0305,Nefrologia,180
2018-07,0305,Nefrologia,180
2018-08,0305,Nefrologia,180
2018-09,0305,Nefrologia,180
2018-10,0305,Nefrologia,180
2018-11,0305,Nefrologia,180
2018-12,0305,Nefrologia,180
2019-01,0305,Nefrologia,180
2019-02,0305,Nefrologia,180
2019-03,0305,Nefrologia,180
2019-04,0305,Nefrologia,180
2019-05,0305,Nefrologia,180
2019-06,0305,Nefrologia,180
2019-07,0305,Nefrologia,180
2019-08,0305,Nefrologia,180
2019-09,0305,Nefrologia,180
2019-10,0305,Nefrologia,180
2019-11,0305,Nefrologia,180
2019-12,0305,Nefrologia,180
2020-01,0305,Nefrologia,180
2020-02,0305,Nefrologia,180
2020-03,0305,Nefrologia,180
2020-04,0305,Nefrologia,180
2020-05,0305,Nefrologia,180
2020-06,0305,Nefrologia,180
2020-07,0305,Nefrologia,180
2020-08,0305,Nefrologia,180
2020-09,0305,Nefrologia,180
2020-10,0305,Nefrologia,180
2020-11,0305,Nefrologia,180
2020-12,0305,Nefrologia,180
2021-01,0305,Nefrologia,180
2021-02,0305,Nefrologia,180
2021-03,0305,Nefrologia,180
2021-04,0305,Nefrologia,180
2021-05,0305,Nefrologia,180
2021-06,0305,Nefrologia,180
2021-07,0305,Nefrologia,180
2021-08,0305,Nefrologia,180
2021-09,0305,Nefrologia,180
2021-10,0305,Nefrologia,180
2021-11,0305,Nefrologia,180
2021-12,0305,Nefrologia,180
2022-01,0305,Nefrologia,180
2022-02,0305,Nefrologia,180
2022-03,0305,Nefrologia,180
2022-04,0305,Nefrologia,180
2022-05,0305,Nefrologia,180
2022-06,0305,Nefrologia,180
2022-07,0305,Nefrologia,180
2022-08,0305,Nefrologia,180
2022-09,0305,Nefrologia,180
2022-10,0305,Nefrologia,180
2022-11,0305,Nefrologia,180
2022-12,0305,Nefrologia,180
2023-01,0305,Nefrologia,207
2023-02,0305,Nefrologia,207
2023-03,0305,Nefrologia,207
2023-04,0305,Nefrologia,207
2023-05,0305,Nefrologia,207
2023-06,0305,Nefrologia,207
2023-07,0305,Nefrologia,207
2023-08,0305,Nefrologia,207
2023-09,0305,Nefrologia,207
2023-10,0305,Nefrologia,207
2023-11,0305,Nefrologia,207
2023-12,0305,Nefrologia,207
2024-01,0305,Nefrologia,207
2024-02,0305,Nefrologia,207
2024-03,0305,Nefrologia,207
2024-04,0305,Nefrologia,207
2024-05,0305,Nefrologia,207
2024-06,0305,Nefrologia,207
2024-07,0305,Nefrologia,207
2024-08,0305,Nefrologia,207
2024-09,0305,Nefrologia,207
2024-10,0305,Nefrologia,207
2024-11,0305,Nefrologia,207
2024-12,0305,Nefrologia,207
2025-01,0305,Nefrologia,232.88
2025-02,0305,Nefrologia,232.88
2025-03,0305,Nefrologia,232.88
2025-04,0305,Nefrologia,232.88
2025-05,0305,Nefrologia,232.88
2025-06,0305,Nefrologia,232.88
2025-07,0305,Nefrologia,232.88
2025-08,0305,Nefrologia,232.88
2025-09,0305,Nefrologia,232.88
2018-01,0401,Pequenas cirurgias,95
2018-02,0401,Pequenas cirurgias,95
2018-03,0401,Pequenas cirurgias,95
2018-04,0401,Pequenas cirurgias,95
2018-05,0401,Pequenas cirurgias,95
2018-06,0401,Pequenas cirurgias,95
2018-07,0401,Pequenas cirurgias,95
2018-08,0401,Pequenas cirurgias,95
2018-09,0401,Pequenas cirurgias,95
2018-10,0401,Pequenas cirurgias,95
2018-11,0401,Pequenas cirurgias,95
2018-12,0401,Pequenas cirurgias,95
2019-01,0401,Pequenas cirurgias,95
2019-02,0401,Pequenas cirurgias,95
2019-03,0401,Pequenas cirurgias,95
2019-04,0401,Pequenas cirurgias,95
2019-05,0401,Pequenas cirurgias,95
2019-06,0401,Pequenas cirurgias,95
2019-07,0401,Pequenas cirurgias,95
2019-08,0401,Pequenas cirurgias,95
2019-09,0401,Pequenas cirurgias,95
2019-10,0401,Pequenas cirurgias,95
2019-11,0401,Pequenas cirurgias,95
2019-12,0401,Pequenas cirurgias,95
2020-01,0401,Pequenas cirurgias,95
2020-02,0401,Pequenas cirurgias,95
2020-03,0401,Pequenas cirurgias,95
2020-04,0401,Pequenas cirurgias,95
2020-05,0401,Pequenas cirurgias,95
2020-06,0401,Pequenas cirurgias,95
2020-07,0401,Pequenas cirurgias,95
2020-08,0401,Pequenas cirurgias,95
2020-09,0401,Pequenas cirurgias,95
2020-10,0401,Pequenas cirurgias,95
2020-11,0401,Pequenas cirurgias,95
2020-12,0401,Pequenas cirurgias,95
2021-01,0401,Pequenas cirurgias,95
2021-02,0401,Pequenas cirurgias,95
2021-03,0401,Pequenas cirurgias,95
2021-04,0401,Pequenas cirurgias,95
2021-05,0401,Pequenas cirurgias,95
2021-06,0401,Pequenas cirurgias,95
2021-07,0401,Pequenas cirurgias,95
2021-08,0401,Pequenas cirurgias,95
2021-09,0401,Pequenas cirurgias,95
2021-10,0401,Pequenas cirurgias,95
2021-11,0401,Pequenas cirurgias,95
2021-12,0401,Pequenas cirurgias,95
2022-01,0401,Pequenas cirurgias,95
2022-02,0401,Pequenas cirurgias,95
2022-03,0401,Pequenas cirurgias,95
2022-04,0401,Pequenas cirurgias,95
2022-05,0401,Pequenas cirurgias,95
2022-06,0401,Pequenas cirurgias,95
2022-07,0401,Pequenas cirurgias,95
2022-08,0401,Pequenas cirurgias,95
2022-09,0401,Pequenas cirurgias,95
2022-10,0401,Pequenas cirurgias,95
2022-11,0401,Pequenas cirurgias,95
2022-12,0401,Pequenas cirurgias,95
2023-01,0401,Pequenas cirurgias,95
2023-02,0401,Pequenas cirurgias,95
2023-03,0401,Pequenas cirurgias,95
2023-04,0401,Pequenas cirurgias,95
2023-05,0401,Pequenas cirurgias,95
2023-06,0401,Pequenas cirurgias,95
2023-07,0401,Pequenas cirurgias,95
2023-08,0401,Pequenas cirurgias,95
2023-09,0401,Pequenas cirurgias,95
2023-10,0401,Pequenas cirurgias,95
2023-11,0401,Pequenas cirurgias,95
2023-12,0401,Pequenas cirurgias,95
2024-01,0401,Pequenas cirurgias,95
2024-02,0401,Pequenas cirurgias,95
2024-03,0401,Pequenas cirurgias,95
2024-04,0401,Pequenas cirurgias,95
2024-05,0401,Pequenas cirurgias,95
2024-06,0401,Pequenas cirurgias,95
2024-07,0401,Pequenas cirurgias,95
2024-08,0401,Pequenas cirurgias,95
2024-09,0401,Pequenas cirurgias,95
2024-10,0401,Pequenas cirurgias,95
2024-11,0401,Pequenas cirurgias,95
2024-12,0401,Pequenas cirurgias,95
2025-01,0401,Pequenas cirurgias,106.88
2025-02,0401,Pequenas cirurgias,106.88
2025-03,0401,Pequenas cirurgias,106.88
2025-04,0401,Pequenas cirurgias,106.88
2025-05,0401,Pequenas cirurgias,106.88
2025-06,0401,Pequenas cirurgias,106.88
2025-07,0401,Pequenas cirurgias,106.88
2025-08,0401,Pequenas cirurgias,106.88
2025-09,0401,Pequenas cirurgias,106.88
2018-01,0403,Cir. vis<c3><a3>o,650
2018-02,0403,Cir. vis<c3><a3>o,650
2018-03,0403,Cir. vis<c3><a3>o,650
2018-04,0403,Cir. vis<c3><a3>o,650
2018-05,0403,Cir. vis<c3><a3>o,650
2018-06,0403,Cir. vis<c3><a3>o,650
2018-07,0403,Cir. vis<c3><a3>o,650
2018-08,0403,Cir. vis<c3><a3>o,650
2018-09,0403,Cir. vis<c3><a3>o,650
2018-10,0403,Cir. vis<c3><a3>o,650
2018-11,0403,Cir. vis<c3><a3>o,650
2018-12,0403,Cir. vis<c3><a3>o,650
2019-01,0403,Cir. vis<c3><a3>o,650
2019-02,0403,Cir. vis<c3><a3>o,650
2019-03,0403,Cir. vis<c3><a3>o,650
2019-04,0403,Cir. vis<c3><a3>o,650
2019-05,0403,Cir. vis<c3><a3>o,650
2019-06,0403,Cir. vis<c3><a3>o,650
2019-07,0403,Cir. vis<c3><a3>o,650
2019-08,0403,Cir. vis<c3><a3>o,650
2019-09,0403,Cir. vis<c3><a3>o,650
2019-10,0403,Cir. vis<c3><a3>o,650
2019-11,0403,Cir. vis<c3><a3>o,650
2019-12,0403,Cir. vis<c3><a3>o,650
2020-01,0403,Cir. vis<c3><a3>o,650
2020-02,0403,Cir. vis<c3><a3>o,650
2020-03,0403,Cir. vis<c3><a3>o,650
2020-04,0403,Cir. vis<c3><a3>o,650
2020-05,0403,Cir. vis<c3><a3>o,650
2020-06,0403,Cir. vis<c3><a3>o,650
2020-07,0403,Cir. vis<c3><a3>o,650
2020-08,0403,Cir. vis<c3><a3>o,650
2020-09,0403,Cir. vis<c3><a3>o,650
2020-10,0403,Cir. vis<c3><a3>o,650
2020-11,0403,Cir. vis<c3><a3>o,650
2020-12,0403,Cir. vis<c3><a3>o,650
2021-01,0403,Cir. vis<c3><a3>o,650
2021-02,0403,Cir. vis<c3><a3>o,650
2021-03,0403,Cir. vis<c3><a3>o,650
2021-04,0403,Cir. vis<c3><a3>o,650
2021-05,0403,Cir. vis<c3><a3>o,650
2021-06,0403,Cir. vis<c3><a3>o,650
2021-07,0403,Cir. vis<c3><a3>o,650
2021-08,0403,Cir. vis<c3><a3>o,650
2021-09,0403,Cir. vis<c3><a3>o,650
2021-10,0403,Cir. vis<c3><a3>o,650
2021-11,0403,Cir. vis<c3><a3>o,650
2021-12,0403,Cir. vis<c3><a3>o,650
2022-01,0403,Cir. vis<c3><a3>o,650
2022-02,0403,Cir. vis<c3><a3>o,650
2022-03,0403,Cir. vis<c3><a3>o,650
2022-04,0403,Cir. vis<c3><a3>o,650
2022-05,0403,Cir. vis<c3><a3>o,650
2022-06,0403,Cir. vis<c3><a3>o,715
2022-07,0403,Cir. vis<c3><a3>o,715
2022-08,0403,Cir. vis<c3><a3>o,715
2022-09,0403,Cir. vis<c3><a3>o,715
2022-10,0403,Cir. vis<c3><a3>o,715
2022-11,0403,Cir. vis<c3><a3>o,715
2022-12,0403,Cir. vis<c3><a3>o,715
2023-01,0403,Cir. vis<c3><a3>o,715
2023-02,0403,Cir. vis<c3><a3>o,715
2023-03,0403,Cir. vis<c3><a3>o,715
2023-04,0403,Cir. vis<c3><a3>o,715
2023-05,0403,Cir. vis<c3><a3>o,715
2023-06,0403,Cir. vis<c3><a3>o,715
2023-07,0403,Cir. vis<c3><a3>o,715
2023-08,0403,Cir. vis<c3><a3>o,715
2023-09,0403,Cir. vis<c3><a3>o,715
2023-10,0403,Cir. vis<c3><a3>o,715
2023-11,0403,Cir. vis<c3><a3>o,715
2023-12,0403,Cir. vis<c3><a3>o,715
2024-01,0403,Cir. vis<c3><a3>o,715
2024-02,0403,Cir. vis<c3><a3>o,715
2024-03,0403,Cir. vis<c3><a3>o,858
2024-04,0403,Cir. vis<c3><a3>o,858
2024-05,0403,Cir. vis<c3><a3>o,858
2024-06,0403,Cir. vis<c3><a3>o,858
2024-07,0403,Cir. vis<c3><a3>o,858
2024-08,0403,Cir. vis<c3><a3>o,858
2024-09,0403,Cir. vis<c3><a3>o,858
2024-10,0403,Cir. vis<c3><a3>o,858
2024-11,0403,Cir. vis<c3><a3>o,858
2024-12,0403,Cir. vis<c3><a3>o,858
2025-01,0403,Cir. vis<c3><a3>o,965.25
2025-02,0403,Cir. vis<c3><a3>o,965.25
2025-03,0403,Cir. vis<c3><a3>o,965.25
2025-04,0403,Cir. vis<c3><a3>o,965.25
2025-05,0403,Cir. vis<c3><a3>o,965.25
2025-06,0403,Cir. vis<c3><a3>o,965.25
2025-07,0403,Cir. vis<c3><a3>o,965.25
2025-08,0403,Cir. vis<c3><a3>o,965.25
2025-09,0403,Cir. vis<c3><a3>o,965.25
2018-01,0404,Cir. circulat<c3><b3>rio,1200
2018-02,0404,Cir. circulat<c3><b3>rio,1200
2018-03,0404,Cir. circulat<c3><b3>rio,1200
2018-04,0404,Cir. circulat<c3><b3>rio,1200
2018-05,0404,Cir. circulat<c3><b3>rio,1200
2018-06,0404,Cir. circulat<c3><b3>rio,1200
2018-07,0404,Cir. circulat<c3><b3>rio,1200
2018-08,0404,Cir. circulat<c3><b3>rio,1200
2018-09,0404,Cir. circulat<c3><b3>rio,1200
2018-10,0404,Cir. circulat<c3><b3>rio,1200
2018-11,0404,Cir. circulat<c3><b3>rio,1200
2018-12,0404,Cir. circulat<c3><b3>rio,1200
2019-01,0404,Cir. circulat<c3><b3>rio,1200
2019-02,0404,Cir. circulat<c3><b3>rio,1200
2019-03,0404,Cir. circulat<c3><b3>rio,1200
2019-04,0404,Cir. circulat<c3><b3>rio,1200
2019-05,0404,Cir. circulat<c3><b3>rio,1200
2019-06,0404,Cir. circulat<c3><b3>rio,1200
2019-07,0404,Cir. circulat<c3><b3>rio,1200
2019-08,0404,Cir. circulat<c3><b3>rio,1200
2019-09,0404,Cir. circulat<c3><b3>rio,1200
2019-10,0404,Cir. circulat<c3><b3>rio,1200
2019-11,0404,Cir. circulat<c3><b3>rio,1200
2019-12,0404,Cir. circulat<c3><b3>rio,1200
2020-01,0404,Cir. circulat<c3><b3>rio,1200
2020-02,0404,Cir. circulat<c3><b3>rio,1200
2020-03,0404,Cir. circulat<c3><b3>rio,1200
2020-04,0404,Cir. circulat<c3><b3>rio,1200
2020-05,0404,Cir. circulat<c3><b3>rio,1200
2020-06,0404,Cir. circulat<c3><b3>rio,1200
2020-07,0404,Cir. circulat<c3><b3>rio,1200
2020-08,0404,Cir. circulat<c3><b3>rio,1200
2020-09,0404,Cir. circulat<c3><b3>rio,1200
2020-10,0404,Cir. circulat<c3><b3>rio,1200
2020-11,0404,Cir. circulat<c3><b3>rio,1200
2020-12,0404,Cir. circulat<c3><b3>rio,1200
2021-01,0404,Cir. circulat<c3><b3>rio,1200
2021-02,0404,Cir. circulat<c3><b3>rio,1200
2021-03,0404,Cir. circulat<c3><b3>rio,1200
2021-04,0404,Cir. circulat<c3><b3>rio,1200
2021-05,0404,Cir. circulat<c3><b3>rio,1200
2021-06,0404,Cir. circulat<c3><b3>rio,1200
2021-07,0404,Cir. circulat<c3><b3>rio,1200
2021-08,0404,Cir. circulat<c3><b3>rio,1200
2021-09,0404,Cir. circulat<c3><b3>rio,1200
2021-10,0404,Cir. circulat<c3><b3>rio,1200
2021-11,0404,Cir. circulat<c3><b3>rio,1200
2021-12,0404,Cir. circulat<c3><b3>rio,1200
2022-01,0404,Cir. circulat<c3><b3>rio,1200
2022-02,0404,Cir. circulat<c3><b3>rio,1200
2022-03,0404,Cir. circulat<c3><b3>rio,1200
2022-04,0404,Cir. circulat<c3><b3>rio,1200
2022-05,0404,Cir. circulat<c3><b3>rio,1200
2022-06,0404,Cir. circulat<c3><b3>rio,1320
2022-07,0404,Cir. circulat<c3><b3>rio,1320
2022-08,0404,Cir. circulat<c3><b3>rio,1320
2022-09,0404,Cir. circulat<c3><b3>rio,1320
2022-10,0404,Cir. circulat<c3><b3>rio,1320
2022-11,0404,Cir. circulat<c3><b3>rio,1320
2022-12,0404,Cir. circulat<c3><b3>rio,1320
2023-01,0404,Cir. circulat<c3><b3>rio,1320
2023-02,0404,Cir. circulat<c3><b3>rio,1320
2023-03,0404,Cir. circulat<c3><b3>rio,1320
2023-04,0404,Cir. circulat<c3><b3>rio,1320
2023-05,0404,Cir. circulat<c3><b3>rio,1320
2023-06,0404,Cir. circulat<c3><b3>rio,1320
2023-07,0404,Cir. circulat<c3><b3>rio,1320
2023-08,0404,Cir. circulat<c3><b3>rio,1320
2023-09,0404,Cir. circulat<c3><b3>rio,1320
2023-10,0404,Cir. circulat<c3><b3>rio,1320
2023-11,0404,Cir. circulat<c3><b3>rio,1320
2023-12,0404,Cir. circulat<c3><b3>rio,1320
2024-01,0404,Cir. circulat<c3><b3>rio,1320
2024-02,0404,Cir. circulat<c3><b3>rio,1320
2024-03,0404,Cir. circulat<c3><b3>rio,1584
2024-04,0404,Cir. circulat<c3><b3>rio,1584
2024-05,0404,Cir. circulat<c3><b3>rio,1584
2024-06,0404,Cir. circulat<c3><b3>rio,1584
2024-07,0404,Cir. circulat<c3><b3>rio,1584
2024-08,0404,Cir. circulat<c3><b3>rio,1584
2024-09,0404,Cir. circulat<c3><b3>rio,1584
2024-10,0404,Cir. circulat<c3><b3>rio,1584
2024-11,0404,Cir. circulat<c3><b3>rio,1584
2024-12,0404,Cir. circulat<c3><b3>rio,1584
2025-01,0404,Cir. circulat<c3><b3>rio,1782
2025-02,0404,Cir. circulat<c3><b3>rio,1782
2025-03,0404,Cir. circulat<c3><b3>rio,1782
2025-04,0404,Cir. circulat<c3><b3>rio,1782
2025-05,0404,Cir. circulat<c3><b3>rio,1782
2025-06,0404,Cir. circulat<c3><b3>rio,1782
2025-07,0404,Cir. circulat<c3><b3>rio,1782
2025-08,0404,Cir. circulat<c3><b3>rio,1782
2025-09,0404,Cir. circulat<c3><b3>rio,1782
2018-01,0405,Cir. digestivo,800
2018-02,0405,Cir. digestivo,800
2018-03,0405,Cir. digestivo,800
2018-04,0405,Cir. digestivo,800
2018-05,0405,Cir. digestivo,800
2018-06,0405,Cir. digestivo,800
2018-07,0405,Cir. digestivo,800
2018-08,0405,Cir. digestivo,800
2018-09,0405,Cir. digestivo,800
2018-10,0405,Cir. digestivo,800
2018-11,0405,Cir. digestivo,800
2018-12,0405,Cir. digestivo,800
2019-01,0405,Cir. digestivo,800
2019-02,0405,Cir. digestivo,800
2019-03,0405,Cir. digestivo,800
2019-04,0405,Cir. digestivo,800
2019-05,0405,Cir. digestivo,800
2019-06,0405,Cir. digestivo,800
2019-07,0405,Cir. digestivo,800
2019-08,0405,Cir. digestivo,800
2019-09,0405,Cir. digestivo,800
2019-10,0405,Cir. digestivo,800
2019-11,0405,Cir. digestivo,800
2019-12,0405,Cir. digestivo,800
2020-01,0405,Cir. digestivo,800
2020-02,0405,Cir. digestivo,800
2020-03,0405,Cir. digestivo,800
2020-04,0405,Cir. digestivo,800
2020-05,0405,Cir. digestivo,800
2020-06,0405,Cir. digestivo,800
2020-07,0405,Cir. digestivo,800
2020-08,0405,Cir. digestivo,800
2020-09,0405,Cir. digestivo,800
2020-10,0405,Cir. digestivo,800
2020-11,0405,Cir. digestivo,800
2020-12,0405,Cir. digestivo,800
2021-01,0405,Cir. digestivo,800
2021-02,0405,Cir. digestivo,800
2021-03,0405,Cir. digestivo,800
2021-04,0405,Cir. digestivo,800
2021-05,0405,Cir. digestivo,800
2021-06,0405,Cir. digestivo,800
2021-07,0405,Cir. digestivo,800
2021-08,0405,Cir. digestivo,800
2021-09,0405,Cir. digestivo,800
2021-10,0405,Cir. digestivo,800
2021-11,0405,Cir. digestivo,800
2021-12,0405,Cir. digestivo,800
2022-01,0405,Cir. digestivo,800
2022-02,0405,Cir. digestivo,800
2022-03,0405,Cir. digestivo,800
2022-04,0405,Cir. digestivo,800
2022-05,0405,Cir. digestivo,800
2022-06,0405,Cir. digestivo,800
2022-07,0405,Cir. digestivo,800
2022-08,0405,Cir. digestivo,800
2022-09,0405,Cir. digestivo,800
2022-10,0405,Cir. digestivo,800
2022-11,0405,Cir. digestivo,800
2022-12,0405,Cir. digestivo,800
2023-01,0405,Cir. digestivo,800
2023-02,0405,Cir. digestivo,800
2023-03,0405,Cir. digestivo,800
2023-04,0405,Cir. digestivo,800
2023-05,0405,Cir. digestivo,800
2023-06,0405,Cir. digestivo,800
2023-07,0405,Cir. digestivo,800
2023-08,0405,Cir. digestivo,800
2023-09,0405,Cir. digestivo,800
2023-10,0405,Cir. digestivo,800
2023-11,0405,Cir. digestivo,800
2023-12,0405,Cir. digestivo,800
2024-01,0405,Cir. digestivo,800
2024-02,0405,Cir. digestivo,800
2024-03,0405,Cir. digestivo,960
2024-04,0405,Cir. digestivo,960
2024-05,0405,Cir. digestivo,960
2024-06,0405,Cir. digestivo,960
2024-07,0405,Cir. digestivo,960
2024-08,0405,Cir. digestivo,960
2024-09,0405,Cir. digestivo,960
2024-10,0405,Cir. digestivo,960
2024-11,0405,Cir. digestivo,960
2024-12,0405,Cir. digestivo,960
2025-01,0405,Cir. digestivo,1080
2025-02,0405,Cir. digestivo,1080
2025-03,0405,Cir. digestivo,1080
2025-04,0405,Cir. digestivo,1080
2025-05,0405,Cir. digestivo,1080
2025-06,0405,Cir. digestivo,1080
2025-07,0405,Cir. digestivo,1080
2025-08,0405,Cir. digestivo,1080
2025-09,0405,Cir. digestivo,1080
2018-01,0407,Cir. geniturin<c3><a1>rio,550
2018-02,0407,Cir. geniturin<c3><a1>rio,550
2018-03,0407,Cir. geniturin<c3><a1>rio,550
2018-04,0407,Cir. geniturin<c3><a1>rio,550
2018-05,0407,Cir. geniturin<c3><a1>rio,550
2018-06,0407,Cir. geniturin<c3><a1>rio,550
2018-07,0407,Cir. geniturin<c3><a1>rio,550
2018-08,0407,Cir. geniturin<c3><a1>rio,550
2018-09,0407,Cir. geniturin<c3><a1>rio,550
2018-10,0407,Cir. geniturin<c3><a1>rio,550
2018-11,0407,Cir. geniturin<c3><a1>rio,550
2018-12,0407,Cir. geniturin<c3><a1>rio,550
2019-01,0407,Cir. geniturin<c3><a1>rio,550
2019-02,0407,Cir. geniturin<c3><a1>rio,550
2019-03,0407,Cir. geniturin<c3><a1>rio,550
2019-04,0407,Cir. geniturin<c3><a1>rio,550
2019-05,0407,Cir. geniturin<c3><a1>rio,550
2019-06,0407,Cir. geniturin<c3><a1>rio,550
2019-07,0407,Cir. geniturin<c3><a1>rio,550
2019-08,0407,Cir. geniturin<c3><a1>rio,550
2019-09,0407,Cir. geniturin<c3><a1>rio,550
2019-10,0407,Cir. geniturin<c3><a1>rio,550
2019-11,0407,Cir. geniturin<c3><a1>rio,550
2019-12,0407,Cir. geniturin<c3><a1>rio,550
2020-01,0407,Cir. geniturin<c3><a1>rio,550
2020-02,0407,Cir. geniturin<c3><a1>rio,550
2020-03,0407,Cir. geniturin<c3><a1>rio,550
2020-04,0407,Cir. geniturin<c3><a1>rio,550
2020-05,0407,Cir. geniturin<c3><a1>rio,550
2020-06,0407,Cir. geniturin<c3><a1>rio,550
2020-07,0407,Cir. geniturin<c3><a1>rio,550
2020-08,0407,Cir. geniturin<c3><a1>rio,550
2020-09,0407,Cir. geniturin<c3><a1>rio,550
2020-10,0407,Cir. geniturin<c3><a1>rio,550
2020-11,0407,Cir. geniturin<c3><a1>rio,550
2020-12,0407,Cir. geniturin<c3><a1>rio,550
2021-01,0407,Cir. geniturin<c3><a1>rio,550
2021-02,0407,Cir. geniturin<c3><a1>rio,550
2021-03,0407,Cir. geniturin<c3><a1>rio,550
2021-04,0407,Cir. geniturin<c3><a1>rio,550
2021-05,0407,Cir. geniturin<c3><a1>rio,550
2021-06,0407,Cir. geniturin<c3><a1>rio,550
2021-07,0407,Cir. geniturin<c3><a1>rio,550
2021-08,0407,Cir. geniturin<c3><a1>rio,550
2021-09,0407,Cir. geniturin<c3><a1>rio,550
2021-10,0407,Cir. geniturin<c3><a1>rio,550
2021-11,0407,Cir. geniturin<c3><a1>rio,550
2021-12,0407,Cir. geniturin<c3><a1>rio,550
2022-01,0407,Cir. geniturin<c3><a1>rio,550
2022-02,0407,Cir. geniturin<c3><a1>rio,550
2022-03,0407,Cir. geniturin<c3><a1>rio,550
2022-04,0407,Cir. geniturin<c3><a1>rio,550
2022-05,0407,Cir. geniturin<c3><a1>rio,550
2022-06,0407,Cir. geniturin<c3><a1>rio,550
2022-07,0407,Cir. geniturin<c3><a1>rio,550
2022-08,0407,Cir. geniturin<c3><a1>rio,550
2022-09,0407,Cir. geniturin<c3><a1>rio,550
2022-10,0407,Cir. geniturin<c3><a1>rio,550
2022-11,0407,Cir. geniturin<c3><a1>rio,550
2022-12,0407,Cir. geniturin<c3><a1>rio,550
2023-01,0407,Cir. geniturin<c3><a1>rio,550
2023-02,0407,Cir. geniturin<c3><a1>rio,550
2023-03,0407,Cir. geniturin<c3><a1>rio,550
2023-04,0407,Cir. geniturin<c3><a1>rio,550
2023-05,0407,Cir. geniturin<c3><a1>rio,550
2023-06,0407,Cir. geniturin<c3><a1>rio,550
2023-07,0407,Cir. geniturin<c3><a1>rio,550
2023-08,0407,Cir. geniturin<c3><a1>rio,550
2023-09,0407,Cir. geniturin<c3><a1>rio,550
2023-10,0407,Cir. geniturin<c3><a1>rio,550
2023-11,0407,Cir. geniturin<c3><a1>rio,550
2023-12,0407,Cir. geniturin<c3><a1>rio,550
2024-01,0407,Cir. geniturin<c3><a1>rio,550
2024-02,0407,Cir. geniturin<c3><a1>rio,550
2024-03,0407,Cir. geniturin<c3><a1>rio,660
2024-04,0407,Cir. geniturin<c3><a1>rio,660
2024-05,0407,Cir. geniturin<c3><a1>rio,660
2024-06,0407,Cir. geniturin<c3><a1>rio,660
2024-07,0407,Cir. geniturin<c3><a1>rio,660
2024-08,0407,Cir. geniturin<c3><a1>rio,660
2024-09,0407,Cir. geniturin<c3><a1>rio,660
2024-10,0407,Cir. geniturin<c3><a1>rio,660
2024-11,0407,Cir. geniturin<c3><a1>rio,660
2024-12,0407,Cir. geniturin<c3><a1>rio,660
2025-01,0407,Cir. geniturin<c3><a1>rio,742.5
2025-02,0407,Cir. geniturin<c3><a1>rio,742.5
2025-03,0407,Cir. geniturin<c3><a1>rio,742.5
2025-04,0407,Cir. geniturin<c3><a1>rio,742.5
2025-05,0407,Cir. geniturin<c3><a1>rio,742.5
2025-06,0407,Cir. geniturin<c3><a1>rio,742.5
2025-07,0407,Cir. geniturin<c3><a1>rio,742.5
2025-08,0407,Cir. geniturin<c3><a1>rio,742.5
2025-09,0407,Cir. geniturin<c3><a1>rio,742.5
2018-01,0408,Cir. osteomuscular,750
2018-02,0408,Cir. osteomuscular,750
2018-03,0408,Cir. osteomuscular,750
2018-04,0408,Cir. osteomuscular,750
2018-05,0408,Cir. osteomuscular,750
2018-06,0408,Cir. osteomuscular,750
2018-07,0408,Cir. osteomuscular,750
2018-08,0408,Cir. osteomuscular,750
2018-09,0408,Cir. osteomuscular,750
2018-10,0408,Cir. osteomuscular,750
2018-11,0408,Cir. osteomuscular,750
2018-12,0408,Cir. osteomuscular,750
2019-01,0408,Cir. osteomuscular,750
2019-02,0408,Cir. osteomuscular,750
2019-03,0408,Cir. osteomuscular,750
2019-04,0408,Cir. osteomuscular,750
2019-05,0408,Cir. osteomuscular,750
2019-06,0408,Cir. osteomuscular,750
2019-07,0408,Cir. osteomuscular,750
2019-08,0408,Cir. osteomuscular,750
2019-09,0408,Cir. osteomuscular,750
2019-10,0408,Cir. osteomuscular,750
2019-11,0408,Cir. osteomuscular,750
2019-12,0408,Cir. osteomuscular,750
2020-01,0408,Cir. osteomuscular,750
2020-02,0408,Cir. osteomuscular,750
2020-03,0408,Cir. osteomuscular,750
2020-04,0408,Cir. osteomuscular,750
2020-05,0408,Cir. osteomuscular,750
2020-06,0408,Cir. osteomuscular,750
2020-07,0408,Cir. osteomuscular,750
2020-08,0408,Cir. osteomuscular,750
2020-09,0408,Cir. osteomuscular,750
2020-10,0408,Cir. osteomuscular,750
2020-11,0408,Cir. osteomuscular,750
2020-12,0408,Cir. osteomuscular,750
2021-01,0408,Cir. osteomuscular,750
2021-02,0408,Cir. osteomuscular,750
2021-03,0408,Cir. osteomuscular,750
2021-04,0408,Cir. osteomuscular,750
2021-05,0408,Cir. osteomuscular,750
2021-06,0408,Cir. osteomuscular,750
2021-07,0408,Cir. osteomuscular,750
2021-08,0408,Cir. osteomuscular,750
2021-09,0408,Cir. osteomuscular,750
2021-10,0408,Cir. osteomuscular,750
2021-11,0408,Cir. osteomuscular,750
2021-12,0408,Cir. osteomuscular,750
2022-01,0408,Cir. osteomuscular,750
2022-02,0408,Cir. osteomuscular,750
2022-03,0408,Cir. osteomuscular,750
2022-04,0408,Cir. osteomuscular,750
2022-05,0408,Cir. osteomuscular,750
2022-06,0408,Cir. osteomuscular,750
2022-07,0408,Cir. osteomuscular,750
2022-08,0408,Cir. osteomuscular,750
2022-09,0408,Cir. osteomuscular,750
2022-10,0408,Cir. osteomuscular,750
2022-11,0408,Cir. osteomuscular,750
2022-12,0408,Cir. osteomuscular,750
2023-01,0408,Cir. osteomuscular,750
2023-02,0408,Cir. osteomuscular,750
2023-03,0408,Cir. osteomuscular,750
2023-04,0408,Cir. osteomuscular,750
2023-05,0408,Cir. osteomuscular,750
2023-06,0408,Cir. osteomuscular,750
2023-07,0408,Cir. osteomuscular,750
2023-08,0408,Cir. osteomuscular,750
2023-09,0408,Cir. osteomuscular,750
2023-10,0408,Cir. osteomuscular,750
2023-11,0408,Cir. osteomuscular,750
2023-12,0408,Cir. osteomuscular,750
2024-01,0408,Cir. osteomuscular,750
2024-02,0408,Cir. osteomuscular,750
2024-03,0408,Cir. osteomuscular,900
2024-04,0408,Cir. osteomuscular,900
2024-05,0408,Cir. osteomuscular,900
2024-06,0408,Cir. osteomuscular,900
2024-07,0408,Cir. osteomuscular,900
2024-08,0408,Cir. osteomuscular,900
2024-09,0408,Cir. osteomuscular,900
2024-10,0408,Cir. osteomuscular,900
2024-11,0408,Cir. osteomuscular,900
2024-12,0408,Cir. osteomuscular,900
2025-01,0408,Cir. osteomuscular,1012.5
2025-02,0408,Cir. osteomuscular,1012.5
2025-03,0408,Cir. osteomuscular,1012.5
2025-04,0408,Cir. osteomuscular,1012.5
2025-05,0408,Cir. osteomuscular,1012.5
2025-06,0408,Cir. osteomuscular,1012.5
2025-07,0408,Cir. osteomuscular,1012.5
2025-08,0408,Cir. osteomuscular,1012.5
2025-09,0408,Cir. osteomuscular,1012.5
2018-01,0411,Cir. ORL,400
2018-02,0411,Cir. ORL,400
2018-03,0411,Cir. ORL,400
2018-04,0411,Cir. ORL,400
2018-05,0411,Cir. ORL,400
2018-06,0411,Cir. ORL,400
2018-07,0411,Cir. ORL,400
2018-08,0411,Cir. ORL,400
2018-09,0411,Cir. ORL,400
2018-10,0411,Cir. ORL,400
2018-11,0411,Cir. ORL,400
2018-12,0411,Cir. ORL,400
2019-01,0411,Cir. ORL,400
2019-02,0411,Cir. ORL,400
2019-03,0411,Cir. ORL,400
2019-04,0411,Cir. ORL,400
2019-05,0411,Cir. ORL,400
2019-06,0411,Cir. ORL,400
2019-07,0411,Cir. ORL,400
2019-08,0411,Cir. ORL,400
2019-09,0411,Cir. ORL,400
2019-10,0411,Cir. ORL,400
2019-11,0411,Cir. ORL,400
2019-12,0411,Cir. ORL,400
2020-01,0411,Cir. ORL,400
2020-02,0411,Cir. ORL,400
2020-03,0411,Cir. ORL,400
2020-04,0411,Cir. ORL,400
2020-05,0411,Cir. ORL,400
2020-06,0411,Cir. ORL,400
2020-07,0411,Cir. ORL,400
2020-08,0411,Cir. ORL,400
2020-09,0411,Cir. ORL,400
2020-10,0411,Cir. ORL,400
2020-11,0411,Cir. ORL,400
2020-12,0411,Cir. ORL,400
2021-01,0411,Cir. ORL,400
2021-02,0411,Cir. ORL,400
2021-03,0411,Cir. ORL,400
2021-04,0411,Cir. ORL,400
2021-05,0411,Cir. ORL,400
2021-06,0411,Cir. ORL,400
2021-07,0411,Cir. ORL,400
2021-08,0411,Cir. ORL,400
2021-09,0411,Cir. ORL,400
2021-10,0411,Cir. ORL,400
2021-11,0411,Cir. ORL,400
2021-12,0411,Cir. ORL,400
2022-01,0411,Cir. ORL,400
2022-02,0411,Cir. ORL,400
2022-03,0411,Cir. ORL,400
2022-04,0411,Cir. ORL,400
2022-05,0411,Cir. ORL,400
2022-06,0411,Cir. ORL,400
2022-07,0411,Cir. ORL,400
2022-08,0411,Cir. ORL,400
2022-09,0411,Cir. ORL,400
2022-10,0411,Cir. ORL,400
2022-11,0411,Cir. ORL,400
2022-12,0411,Cir. ORL,400
2023-01,0411,Cir. ORL,400
2023-02,0411,Cir. ORL,400
2023-03,0411,Cir. ORL,400
2023-04,0411,Cir. ORL,400
2023-05,0411,Cir. ORL,400
2023-06,0411,Cir. ORL,400
2023-07,0411,Cir. ORL,400
2023-08,0411,Cir. ORL,400
2023-09,0411,Cir. ORL,400
2023-10,0411,Cir. ORL,400
2023-11,0411,Cir. ORL,400
2023-12,0411,Cir. ORL,400
2024-01,0411,Cir. ORL,400
2024-02,0411,Cir. ORL,400
2024-03,0411,Cir. ORL,400
2024-04,0411,Cir. ORL,400
2024-05,0411,Cir. ORL,400
2024-06,0411,Cir. ORL,400
2024-07,0411,Cir. ORL,400
2024-08,0411,Cir. ORL,400
2024-09,0411,Cir. ORL,400
2024-10,0411,Cir. ORL,400
2024-11,0411,Cir. ORL,400
2024-12,0411,Cir. ORL,400
2025-01,0411,Cir. ORL,450
2025-02,0411,Cir. ORL,450
2025-03,0411,Cir. ORL,450
2025-04,0411,Cir. ORL,450
2025-05,0411,Cir. ORL,450
2025-06,0411,Cir. ORL,450
2025-07,0411,Cir. ORL,450
2025-08,0411,Cir. ORL,450
2025-09,0411,Cir. ORL,450
2018-01,0412,Cir. tor<c3><a1>cica,1100
2018-02,0412,Cir. tor<c3><a1>cica,1100
2018-03,0412,Cir. tor<c3><a1>cica,1100
2018-04,0412,Cir. tor<c3><a1>cica,1100
2018-05,0412,Cir. tor<c3><a1>cica,1100
2018-06,0412,Cir. tor<c3><a1>cica,1100
2018-07,0412,Cir. tor<c3><a1>cica,1100
2018-08,0412,Cir. tor<c3><a1>cica,1100
2018-09,0412,Cir. tor<c3><a1>cica,1100
2018-10,0412,Cir. tor<c3><a1>cica,1100
2018-11,0412,Cir. tor<c3><a1>cica,1100
2018-12,0412,Cir. tor<c3><a1>cica,1100
2019-01,0412,Cir. tor<c3><a1>cica,1100
2019-02,0412,Cir. tor<c3><a1>cica,1100
2019-03,0412,Cir. tor<c3><a1>cica,1100
2019-04,0412,Cir. tor<c3><a1>cica,1100
2019-05,0412,Cir. tor<c3><a1>cica,1100
2019-06,0412,Cir. tor<c3><a1>cica,1100
2019-07,0412,Cir. tor<c3><a1>cica,1100
2019-08,0412,Cir. tor<c3><a1>cica,1100
2019-09,0412,Cir. tor<c3><a1>cica,1100
2019-10,0412,Cir. tor<c3><a1>cica,1100
2019-11,0412,Cir. tor<c3><a1>cica,1100
2019-12,0412,Cir. tor<c3><a1>cica,1100
2020-01,0412,Cir. tor<c3><a1>cica,1100
2020-02,0412,Cir. tor<c3><a1>cica,1100
2020-03,0412,Cir. tor<c3><a1>cica,1100
2020-04,0412,Cir. tor<c3><a1>cica,1100
2020-05,0412,Cir. tor<c3><a1>cica,1100
2020-06,0412,Cir. tor<c3><a1>cica,1100
2020-07,0412,Cir. tor<c3><a1>cica,1100
2020-08,0412,Cir. tor<c3><a1>cica,1100
2020-09,0412,Cir. tor<c3><a1>cica,1100
2020-10,0412,Cir. tor<c3><a1>cica,1100
2020-11,0412,Cir. tor<c3><a1>cica,1100
2020-12,0412,Cir. tor<c3><a1>cica,1100
2021-01,0412,Cir. tor<c3><a1>cica,1100
2021-02,0412,Cir. tor<c3><a1>cica,1100
2021-03,0412,Cir. tor<c3><a1>cica,1100
2021-04,0412,Cir. tor<c3><a1>cica,1100
2021-05,0412,Cir. tor<c3><a1>cica,1100
2021-06,0412,Cir. tor<c3><a1>cica,1100
2021-07,0412,Cir. tor<c3><a1>cica,1100
2021-08,0412,Cir. tor<c3><a1>cica,1100
2021-09,0412,Cir. tor<c3><a1>cica,1100
2021-10,0412,Cir. tor<c3><a1>cica,1100
2021-11,0412,Cir. tor<c3><a1>cica,1100
2021-12,0412,Cir. tor<c3><a1>cica,1100
2022-01,0412,Cir. tor<c3><a1>cica,1100
2022-02,0412,Cir. tor<c3><a1>cica,1100
2022-03,0412,Cir. tor<c3><a1>cica,1100
2022-04,0412,Cir. tor<c3><a1>cica,1100
2022-05,0412,Cir. tor<c3><a1>cica,1100
2022-06,0412,Cir. tor<c3><a1>cica,1100
2022-07,0412,Cir. tor<c3><a1>cica,1100
2022-08,0412,Cir. tor<c3><a1>cica,1100
2022-09,0412,Cir. tor<c3><a1>cica,1100
2022-10,0412,Cir. tor<c3><a1>cica,1100
2022-11,0412,Cir. tor<c3><a1>cica,1100
2022-12,0412,Cir. tor<c3><a1>cica,1100
2023-01,0412,Cir. tor<c3><a1>cica,1100
2023-02,0412,Cir. tor<c3><a1>cica,1100
2023-03,0412,Cir. tor<c3><a1>cica,1100
2023-04,0412,Cir. tor<c3><a1>cica,1100
2023-05,0412,Cir. tor<c3><a1>cica,1100
2023-06,0412,Cir. tor<c3><a1>cica,1100
2023-07,0412,Cir. tor<c3><a1>cica,1100
2023-08,0412,Cir. tor<c3><a1>cica,1100
2023-09,0412,Cir. tor<c3><a1>cica,1100
2023-10,0412,Cir. tor<c3><a1>cica,1100
2023-11,0412,Cir. tor<c3><a1>cica,1100
2023-12,0412,Cir. tor<c3><a1>cica,1100
2024-01,0412,Cir. tor<c3><a1>cica,1100
2024-02,0412,Cir. tor<c3><a1>cica,1100
2024-03,0412,Cir. tor<c3><a1>cica,1100
2024-04,0412,Cir. tor<c3><a1>cica,1100
2024-05,0412,Cir. tor<c3><a1>cica,1100
2024-06,0412,Cir. tor<c3><a1>cica,1100
2024-07,0412,Cir. tor<c3><a1>cica,1100
2024-08,0412,Cir. tor<c3><a1>cica,1100
2024-09,0412,Cir. tor<c3><a1>cica,1100
2024-10,0412,Cir. tor<c3><a1>cica,1100
2024-11,0412,Cir. tor<c3><a1>cica,1100
2024-12,0412,Cir. tor<c3><a1>cica,1100
2025-01,0412,Cir. tor<c3><a1>cica,1237.5
2025-02,0412,Cir. tor<c3><a1>cica,1237.5
2025-03,0412,Cir. tor<c3><a1>cica,1237.5
2025-04,0412,Cir. tor<c3><a1>cica,1237.5
2025-05,0412,Cir. tor<c3><a1>cica,1237.5
2025-06,0412,Cir. tor<c3><a1>cica,1237.5
2025-07,0412,Cir. tor<c3><a1>cica,1237.5
2025-08,0412,Cir. tor<c3><a1>cica,1237.5
2025-09,0412,Cir. tor<c3><a1>cica,1237.5
2018-01,0413,Cir. reparadora,480
2018-02,0413,Cir. reparadora,480
2018-03,0413,Cir. reparadora,480
2018-04,0413,Cir. reparadora,480
2018-05,0413,Cir. reparadora,480
2018-06,0413,Cir. reparadora,480
2018-07,0413,Cir. reparadora,480
2018-08,0413,Cir. reparadora,480
2018-09,0413,Cir. reparadora,480
2018-10,0413,Cir. reparadora,480
2018-11,0413,Cir. reparadora,480
2018-12,0413,Cir. reparadora,480
2019-01,0413,Cir. reparadora,480
2019-02,0413,Cir. reparadora,480
2019-03,0413,Cir. reparadora,480
2019-04,0413,Cir. reparadora,480
2019-05,0413,Cir. reparadora,480
2019-06,0413,Cir. reparadora,480
2019-07,0413,Cir. reparadora,480
2019-08,0413,Cir. reparadora,480
2019-09,0413,Cir. reparadora,480
2019-10,0413,Cir. reparadora,480
2019-11,0413,Cir. reparadora,480
2019-12,0413,Cir. reparadora,480
2020-01,0413,Cir. reparadora,480
2020-02,0413,Cir. reparadora,480
2020-03,0413,Cir. reparadora,480
2020-04,0413,Cir. reparadora,480
2020-05,0413,Cir. reparadora,480
2020-06,0413,Cir. reparadora,480
2020-07,0413,Cir. reparadora,480
2020-08,0413,Cir. reparadora,480
2020-09,0413,Cir. reparadora,480
2020-10,0413,Cir. reparadora,480
2020-11,0413,Cir. reparadora,480
2020-12,0413,Cir. reparadora,480
2021-01,0413,Cir. reparadora,480
2021-02,0413,Cir. reparadora,480
2021-03,0413,Cir. reparadora,480
2021-04,0413,Cir. reparadora,480
2021-05,0413,Cir. reparadora,480
2021-06,0413,Cir. reparadora,480
2021-07,0413,Cir. reparadora,480
2021-08,0413,Cir. reparadora,480
2021-09,0413,Cir. reparadora,480
2021-10,0413,Cir. reparadora,480
2021-11,0413,Cir. reparadora,480
2021-12,0413,Cir. reparadora,480
2022-01,0413,Cir. reparadora,480
2022-02,0413,Cir. reparadora,480
2022-03,0413,Cir. reparadora,480
2022-04,0413,Cir. reparadora,480
2022-05,0413,Cir. reparadora,480
2022-06,0413,Cir. reparadora,480
2022-07,0413,Cir. reparadora,480
2022-08,0413,Cir. reparadora,480
2022-09,0413,Cir. reparadora,480
2022-10,0413,Cir. reparadora,480
2022-11,0413,Cir. reparadora,480
2022-12,0413,Cir. reparadora,480
2023-01,0413,Cir. reparadora,480
2023-02,0413,Cir. reparadora,480
2023-03,0413,Cir. reparadora,480
2023-04,0413,Cir. reparadora,480
2023-05,0413,Cir. reparadora,480
2023-06,0413,Cir. reparadora,480
2023-07,0413,Cir. reparadora,480
2023-08,0413,Cir. reparadora,480
2023-09,0413,Cir. reparadora,480
2023-10,0413,Cir. reparadora,480
2023-11,0413,Cir. reparadora,480
2023-12,0413,Cir. reparadora,480
2024-01,0413,Cir. reparadora,480
2024-02,0413,Cir. reparadora,480
2024-03,0413,Cir. reparadora,480
2024-04,0413,Cir. reparadora,480
2024-05,0413,Cir. reparadora,480
2024-06,0413,Cir. reparadora,480
2024-07,0413,Cir. reparadora,480
2024-08,0413,Cir. reparadora,480
2024-09,0413,Cir. reparadora,480
2024-10,0413,Cir. reparadora,480
2024-11,0413,Cir. reparadora,480
2024-12,0413,Cir. reparadora,480
2025-01,0413,Cir. reparadora,540
2025-02,0413,Cir. reparadora,540
2025-03,0413,Cir. reparadora,540
2025-04,0413,Cir. reparadora,540
2025-05,0413,Cir. reparadora,540
2025-06,0413,Cir. reparadora,540
2025-07,0413,Cir. reparadora,540
2025-08,0413,Cir. reparadora,540
2025-09,0413,Cir. reparadora,540
2018-01,0414,Bucomaxilofacial,320
2018-02,0414,Bucomaxilofacial,320
2018-03,0414,Bucomaxilofacial,320
2018-04,0414,Bucomaxilofacial,320
2018-05,0414,Bucomaxilofacial,320
2018-06,0414,Bucomaxilofacial,320
2018-07,0414,Bucomaxilofacial,320
2018-08,0414,Bucomaxilofacial,320
2018-09,0414,Bucomaxilofacial,320
2018-10,0414,Bucomaxilofacial,320
2018-11,0414,Bucomaxilofacial,320
2018-12,0414,Bucomaxilofacial,320
2019-01,0414,Bucomaxilofacial,320
2019-02,0414,Bucomaxilofacial,320
2019-03,0414,Bucomaxilofacial,320
2019-04,0414,Bucomaxilofacial,320
2019-05,0414,Bucomaxilofacial,320
2019-06,0414,Bucomaxilofacial,320
2019-07,0414,Bucomaxilofacial,320
2019-08,0414,Bucomaxilofacial,320
2019-09,0414,Bucomaxilofacial,320
2019-10,0414,Bucomaxilofacial,320
2019-11,0414,Bucomaxilofacial,320
2019-12,0414,Bucomaxilofacial,320
2020-01,0414,Bucomaxilofacial,320
2020-02,0414,Bucomaxilofacial,320
2020-03,0414,Bucomaxilofacial,320
2020-04,0414,Bucomaxilofacial,320
2020-05,0414,Bucomaxilofacial,320
2020-06,0414,Bucomaxilofacial,320
2020-07,0414,Bucomaxilofacial,320
2020-08,0414,Bucomaxilofacial,320
2020-09,0414,Bucomaxilofacial,320
2020-10,0414,Bucomaxilofacial,320
2020-11,0414,Bucomaxilofacial,320
2020-12,0414,Bucomaxilofacial,320
2021-01,0414,Bucomaxilofacial,320
2021-02,0414,Bucomaxilofacial,320
2021-03,0414,Bucomaxilofacial,320
2021-04,0414,Bucomaxilofacial,320
2021-05,0414,Bucomaxilofacial,320
2021-06,0414,Bucomaxilofacial,320
2021-07,0414,Bucomaxilofacial,320
2021-08,0414,Bucomaxilofacial,320
2021-09,0414,Bucomaxilofacial,320
2021-10,0414,Bucomaxilofacial,320
2021-11,0414,Bucomaxilofacial,320
2021-12,0414,Bucomaxilofacial,320
2022-01,0414,Bucomaxilofacial,320
2022-02,0414,Bucomaxilofacial,320
2022-03,0414,Bucomaxilofacial,320
2022-04,0414,Bucomaxilofacial,320
2022-05,0414,Bucomaxilofacial,320
2022-06,0414,Bucomaxilofacial,320
2022-07,0414,Bucomaxilofacial,320
2022-08,0414,Bucomaxilofacial,320
2022-09,0414,Bucomaxilofacial,320
2022-10,0414,Bucomaxilofacial,320
2022-11,0414,Bucomaxilofacial,320
2022-12,0414,Bucomaxilofacial,320
2023-01,0414,Bucomaxilofacial,320
2023-02,0414,Bucomaxilofacial,320
2023-03,0414,Bucomaxilofacial,320
2023-04,0414,Bucomaxilofacial,320
2023-05,0414,Bucomaxilofacial,320
2023-06,0414,Bucomaxilofacial,320
2023-07,0414,Bucomaxilofacial,320
2023-08,0414,Bucomaxilofacial,320
2023-09,0414,Bucomaxilofacial,320
2023-10,0414,Bucomaxilofacial,320
2023-11,0414,Bucomaxilofacial,320
2023-12,0414,Bucomaxilofacial,320
2024-01,0414,Bucomaxilofacial,320
2024-02,0414,Bucomaxilofacial,320
2024-03,0414,Bucomaxilofacial,320
2024-04,0414,Bucomaxilofacial,320
2024-05,0414,Bucomaxilofacial,320
2024-06,0414,Bucomaxilofacial,320
2024-07,0414,Bucomaxilofacial,320
2024-08,0414,Bucomaxilofacial,320
2024-09,0414,Bucomaxilofacial,320
2024-10,0414,Bucomaxilofacial,320
2024-11,0414,Bucomaxilofacial,320
2024-12,0414,Bucomaxilofacial,320
2025-01,0414,Bucomaxilofacial,360
2025-02,0414,Bucomaxilofacial,360
2025-03,0414,Bucomaxilofacial,360
2025-04,0414,Bucomaxilofacial,360
2025-05,0414,Bucomaxilofacial,360
2025-06,0414,Bucomaxilofacial,360
2025-07,0414,Bucomaxilofacial,360
2025-08,0414,Bucomaxilofacial,360
2025-09,0414,Bucomaxilofacial,360
2018-01,0415,Outras cirurgias,600
2018-02,0415,Outras cirurgias,600
2018-03,0415,Outras cirurgias,600
2018-04,0415,Outras cirurgias,600
2018-05,0415,Outras cirurgias,600
2018-06,0415,Outras cirurgias,600
2018-07,0415,Outras cirurgias,600
2018-08,0415,Outras cirurgias,600
2018-09,0415,Outras cirurgias,600
2018-10,0415,Outras cirurgias,600
2018-11,0415,Outras cirurgias,600
2018-12,0415,Outras cirurgias,600
2019-01,0415,Outras cirurgias,600
2019-02,0415,Outras cirurgias,600
2019-03,0415,Outras cirurgias,600
2019-04,0415,Outras cirurgias,600
2019-05,0415,Outras cirurgias,600
2019-06,0415,Outras cirurgias,600
2019-07,0415,Outras cirurgias,600
2019-08,0415,Outras cirurgias,600
2019-09,0415,Outras cirurgias,600
2019-10,0415,Outras cirurgias,600
2019-11,0415,Outras cirurgias,600
2019-12,0415,Outras cirurgias,600
2020-01,0415,Outras cirurgias,600
2020-02,0415,Outras cirurgias,600
2020-03,0415,Outras cirurgias,600
2020-04,0415,Outras cirurgias,600
2020-05,0415,Outras cirurgias,600
2020-06,0415,Outras cirurgias,600
2020-07,0415,Outras cirurgias,600
2020-08,0415,Outras cirurgias,600
2020-09,0415,Outras cirurgias,600
2020-10,0415,Outras cirurgias,600
2020-11,0415,Outras cirurgias,600
2020-12,0415,Outras cirurgias,600
2021-01,0415,Outras cirurgias,600
2021-02,0415,Outras cirurgias,600
2021-03,0415,Outras cirurgias,600
2021-04,0415,Outras cirurgias,600
2021-05,0415,Outras cirurgias,600
2021-06,0415,Outras cirurgias,600
2021-07,0415,Outras cirurgias,600
2021-08,0415,Outras cirurgias,600
2021-09,0415,Outras cirurgias,600
2021-10,0415,Outras cirurgias,600
2021-11,0415,Outras cirurgias,600
2021-12,0415,Outras cirurgias,600
2022-01,0415,Outras cirurgias,600
2022-02,0415,Outras cirurgias,600
2022-03,0415,Outras cirurgias,600
2022-04,0415,Outras cirurgias,600
2022-05,0415,Outras cirurgias,600
2022-06,0415,Outras cirurgias,600
2022-07,0415,Outras cirurgias,600
2022-08,0415,Outras cirurgias,600
2022-09,0415,Outras cirurgias,600
2022-10,0415,Outras cirurgias,600
2022-11,0415,Outras cirurgias,600
2022-12,0415,Outras cirurgias,600
2023-01,0415,Outras cirurgias,600
2023-02,0415,Outras cirurgias,600
2023-03,0415,Outras cirurgias,600
2023-04,0415,Outras cirurgias,600
2023-05,0415,Outras cirurgias,600
2023-06,0415,Outras cirurgias,600
2023-07,0415,Outras cirurgias,600
2023-08,0415,Outras cirurgias,600
2023-09,0415,Outras cirurgias,600
2023-10,0415,Outras cirurgias,600
2023-11,0415,Outras cirurgias,600
2023-12,0415,Outras cirurgias,600
2024-01,0415,Outras cirurgias,600
2024-02,0415,Outras cirurgias,600
2024-03,0415,Outras cirurgias,600
2024-04,0415,Outras cirurgias,600
2024-05,0415,Outras cirurgias,600
2024-06,0415,Outras cirurgias,600
2024-07,0415,Outras cirurgias,600
2024-08,0415,Outras cirurgias,600
2024-09,0415,Outras cirurgias,600
2024-10,0415,Outras cirurgias,600
2024-11,0415,Outras cirurgias,600
2024-12,0415,Outras cirurgias,600
2025-01,0415,Outras cirurgias,675
2025-02,0415,Outras cirurgias,675
2025-03,0415,Outras cirurgias,675
2025-04,0415,Outras cirurgias,675
2025-05,0415,Outras cirurgias,675
2025-06,0415,Outras cirurgias,675
2025-07,0415,Outras cirurgias,675
2025-08,0415,Outras cirurgias,675
2025-09,0415,Outras cirurgias,675
2018-01,0416,Cir. oncologia,1500
2018-02,0416,Cir. oncologia,1500
2018-03,0416,Cir. oncologia,1500
2018-04,0416,Cir. oncologia,1500
2018-05,0416,Cir. oncologia,1500
2018-06,0416,Cir. oncologia,1500
2018-07,0416,Cir. oncologia,1500
2018-08,0416,Cir. oncologia,1500
2018-09,0416,Cir. oncologia,1500
2018-10,0416,Cir. oncologia,1500
2018-11,0416,Cir. oncologia,1500
2018-12,0416,Cir. oncologia,1500
2019-01,0416,Cir. oncologia,1500
2019-02,0416,Cir. oncologia,1500
2019-03,0416,Cir. oncologia,1500
2019-04,0416,Cir. oncologia,1500
2019-05,0416,Cir. oncologia,1500
2019-06,0416,Cir. oncologia,1500
2019-07,0416,Cir. oncologia,1500
2019-08,0416,Cir. oncologia,1500
2019-09,0416,Cir. oncologia,1500
2019-10,0416,Cir. oncologia,1500
2019-11,0416,Cir. oncologia,1500
2019-12,0416,Cir. oncologia,1500
2020-01,0416,Cir. oncologia,1500
2020-02,0416,Cir. oncologia,1500
2020-03,0416,Cir. oncologia,1500
2020-04,0416,Cir. oncologia,1500
2020-05,0416,Cir. oncologia,1500
2020-06,0416,Cir. oncologia,1500
2020-07,0416,Cir. oncologia,1500
2020-08,0416,Cir. oncologia,1500
2020-09,0416,Cir. oncologia,1500
2020-10,0416,Cir. oncologia,1500
2020-11,0416,Cir. oncologia,1500
2020-12,0416,Cir. oncologia,1500
2021-01,0416,Cir. oncologia,1500
2021-02,0416,Cir. oncologia,1500
2021-03,0416,Cir. oncologia,1500
2021-04,0416,Cir. oncologia,1500
2021-05,0416,Cir. oncologia,1500
2021-06,0416,Cir. oncologia,1500
2021-07,0416,Cir. oncologia,1500
2021-08,0416,Cir. oncologia,1500
2021-09,0416,Cir. oncologia,1500
2021-10,0416,Cir. oncologia,1500
2021-11,0416,Cir. oncologia,1500
2021-12,0416,Cir. oncologia,1500
2022-01,0416,Cir. oncologia,1500
2022-02,0416,Cir. oncologia,1500
2022-03,0416,Cir. oncologia,1500
2022-04,0416,Cir. oncologia,1500
2022-05,0416,Cir. oncologia,1500
2022-06,0416,Cir. oncologia,1500
2022-07,0416,Cir. oncologia,1500
2022-08,0416,Cir. oncologia,1500
2022-09,0416,Cir. oncologia,1500
2022-10,0416,Cir. oncologia,1500
2022-11,0416,Cir. oncologia,1500
2022-12,0416,Cir. oncologia,1500
2023-01,0416,Cir. oncologia,1725
2023-02,0416,Cir. oncologia,1725
2023-03,0416,Cir. oncologia,1725
2023-04,0416,Cir. oncologia,1725
2023-05,0416,Cir. oncologia,1725
2023-06,0416,Cir. oncologia,1725
2023-07,0416,Cir. oncologia,1725
2023-08,0416,Cir. oncologia,1725
2023-09,0416,Cir. oncologia,1725
2023-10,0416,Cir. oncologia,1725
2023-11,0416,Cir. oncologia,1725
2023-12,0416,Cir. oncologia,1725
2024-01,0416,Cir. oncologia,1725
2024-02,0416,Cir. oncologia,1725
2024-03,0416,Cir. oncologia,1725
2024-04,0416,Cir. oncologia,1725
2024-05,0416,Cir. oncologia,1725
2024-06,0416,Cir. oncologia,1725
2024-07,0416,Cir. oncologia,1725
2024-08,0416,Cir. oncologia,1725
2024-09,0416,Cir. oncologia,1725
2024-10,0416,Cir. oncologia,1725
2024-11,0416,Cir. oncologia,1725
2024-12,0416,Cir. oncologia,1725
2025-01,0416,Cir. oncologia,1940.62
2025-02,0416,Cir. oncologia,1940.62
2025-03,0416,Cir. oncologia,1940.62
2025-04,0416,Cir. oncologia,1940.62
2025-05,0416,Cir. oncologia,1940.62
2025-06,0416,Cir. oncologia,1940.62
2025-07,0416,Cir. oncologia,1940.62
2025-08,0416,Cir. oncologia,1940.62
2025-09,0416,Cir. oncologia,1940.62
2018-01,0505,Transplantes,25000
2018-02,0505,Transplantes,25000
2018-03,0505,Transplantes,25000
2018-04,0505,Transplantes,25000
2018-05,0505,Transplantes,25000
2018-06,0505,Transplantes,25000
2018-07,0505,Transplantes,25000
2018-08,0505,Transplantes,25000
2018-09,0505,Transplantes,25000
2018-10,0505,Transplantes,25000
2018-11,0505,Transplantes,25000
2018-12,0505,Transplantes,25000
2019-01,0505,Transplantes,25000
2019-02,0505,Transplantes,25000
2019-03,0505,Transplantes,25000
2019-04,0505,Transplantes,25000
2019-05,0505,Transplantes,25000
2019-06,0505,Transplantes,25000
2019-07,0505,Transplantes,25000
2019-08,0505,Transplantes,25000
2019-09,0505,Transplantes,25000
2019-10,0505,Transplantes,25000
2019-11,0505,Transplantes,25000
2019-12,0505,Transplantes,25000
2020-01,0505,Transplantes,25000
2020-02,0505,Transplantes,25000
2020-03,0505,Transplantes,25000
2020-04,0505,Transplantes,25000
2020-05,0505,Transplantes,25000
2020-06,0505,Transplantes,25000
2020-07,0505,Transplantes,25000
2020-08,0505,Transplantes,25000
2020-09,0505,Transplantes,25000
2020-10,0505,Transplantes,25000
2020-11,0505,Transplantes,25000
2020-12,0505,Transplantes,25000
2021-01,0505,Transplantes,25000
2021-02,0505,Transplantes,25000
2021-03,0505,Transplantes,25000
2021-04,0505,Transplantes,25000
2021-05,0505,Transplantes,25000
2021-06,0505,Transplantes,25000
2021-07,0505,Transplantes,25000
2021-08,0505,Transplantes,25000
2021-09,0505,Transplantes,25000
2021-10,0505,Transplantes,25000
2021-11,0505,Transplantes,25000
2021-12,0505,Transplantes,25000
2022-01,0505,Transplantes,25000
2022-02,0505,Transplantes,25000
2022-03,0505,Transplantes,25000
2022-04,0505,Transplantes,25000
2022-05,0505,Transplantes,25000
2022-06,0505,Transplantes,25000
2022-07,0505,Transplantes,25000
2022-08,0505,Transplantes,25000
2022-09,0505,Transplantes,25000
2022-10,0505,Transplantes,25000
2022-11,0505,Transplantes,25000
2022-12,0505,Transplantes,25000
2023-01,0505,Transplantes,25000
2023-02,0505,Transplantes,25000
2023-03,0505,Transplantes,25000
2023-04,0505,Transplantes,25000
2023-05,0505,Transplantes,25000
2023-06,0505,Transplantes,25000
2023-07,0505,Transplantes,25000
2023-08,0505,Transplantes,25000
2023-09,0505,Transplantes,25000
2023-10,0505,Transplantes,25000
2023-11,0505,Transplantes,25000
2023-12,0505,Transplantes,25000
2024-01,0505,Transplantes,25000
2024-02,0505,Transplantes,25000
2024-03,0505,Transplantes,30000
2024-04,0505,Transplantes,30000
2024-05,0505,Transplantes,30000
2024-06,0505,Transplantes,30000
2024-07,0505,Transplantes,30000
2024-08,0505,Transplantes,30000
2024-09,0505,Transplantes,30000
2024-10,0505,Transplantes,30000
2024-11,0505,Transplantes,30000
2024-12,0505,Transplantes,30000
2025-01,0505,Transplantes,33750
2025-02,0505,Transplantes,33750
2025-03,0505,Transplantes,33750
2025-04,0505,Transplantes,33750
2025-05,0505,Transplantes,33750
2025-06,0505,Transplantes,33750
2025-07,0505,Transplantes,33750
2025-08,0505,Transplantes,33750
2025-09,0505,Transplantes,33750
